Complaint_ID,Customer_ID,Complaint_Date,Category,Channel,Resolution_TAT_Days,CSAT_Score
CMP_0000002,CUST_09740,2022-02-05,Service,Phone,8,5
CMP_0000004,CUST_03621,2025-09-02,Service,Digital,6,3
CMP_0000006,CUST_01639,2023-10-30,Service,Digital,2,4
CMP_0000007,CUST_06546,2023-02-24,Service,Digital,1,5
CMP_0000012,CUST_04275,2023-12-08,Service,Branch,1,4
CMP_0000014,CUST_01672,2022-07-19,Service,Phone,3,1
CMP_0000018,CUST_05018,2022-07-12,Service,Branch,3,5
CMP_0000019,CUST_07093,2024-05-11,Fees,Branch,3,4
CMP_0000025,CUST_02352,2022-07-12,KYC,Phone,5,1
CMP_0000029,CUST_00592,2023-08-14,Service,Digital,1,4
CMP_0000033,CUST_06432,2022-09-12,Fees,Phone,4,3
CMP_0000034,CUST_07179,2024-09-30,Service,Phone,4,3
CMP_0000035,CUST_09033,2025-03-04,KYC,Phone,5,5
CMP_0000036,CUST_04722,2024-04-17,Service,Digital,2,5
CMP_0000043,CUST_08176,2022-05-05,KYC,Digital,14,2
CMP_0000046,CUST_09110,2022-03-19,KYC,Branch,2,5
CMP_0000047,CUST_00390,2022-04-13,Service,Digital,20,3
CMP_0000048,CUST_09339,2024-10-14,Service,Phone,10,4
CMP_0000049,CUST_09042,2022-02-05,Fraud,Digital,2,5
CMP_0000053,CUST_03568,2022-09-25,KYC,Digital,11,2
CMP_0000055,CUST_03340,2022-09-01,Service,Digital,4,1
CMP_0000056,CUST_02070,2024-04-20,KYC,Phone,4,4
CMP_0000057,CUST_07138,2023-06-11,Service,Branch,4,4
CMP_0000058,CUST_00164,2023-04-07,Fees,Phone,4,4
CMP_0000060,CUST_09842,2022-01-26,Service,Branch,4,4
CMP_0000062,CUST_00944,2023-10-26,Fees,Phone,5,3
CMP_0000063,CUST_01744,2023-04-01,KYC,Digital,5,5
CMP_0000064,CUST_07186,2025-08-25,Service,Phone,3,4
CMP_0000072,CUST_07204,2024-04-21,Fraud,Digital,10,3
CMP_0000074,CUST_05344,2026-05-13,Fees,Branch,11,5
CMP_0000075,CUST_08008,2023-06-19,Fraud,Branch,3,2
CMP_0000077,CUST_09501,2023-01-31,KYC,Phone,3,5
CMP_0000086,CUST_07546,2022-06-24,Service,Phone,14,5
CMP_0000088,CUST_00136,2022-03-26,Fees,Digital,2,3
CMP_0000092,CUST_01008,2024-06-14,Service,Digital,14,1
CMP_0000094,CUST_05706,2026-01-21,KYC,Branch,2,5
CMP_0000095,CUST_04722,2025-03-10,Fees,Branch,12,3
CMP_0000098,CUST_07711,2022-01-13,Fraud,Digital,7,5
CMP_0000099,CUST_01851,2024-06-21,Service,Digital,3,5
CMP_0000100,CUST_03578,2025-07-31,Fees,Digital,4,3
CMP_0000101,CUST_08514,2022-08-13,Fraud,Phone,6,2
CMP_0000102,CUST_01446,2025-12-31,KYC,Branch,10,3
CMP_0000105,CUST_08815,2024-05-17,Fees,Phone,5,2
CMP_0000106,CUST_08944,2023-04-03,Service,Branch,16,5
CMP_0000113,CUST_08469,2022-07-07,Fees,Phone,1,4
CMP_0000115,CUST_01023,2022-08-05,KYC,Branch,6,4
CMP_0000116,CUST_07182,2022-05-24,Fees,Phone,8,5
CMP_0000120,CUST_05160,2024-03-18,Service,Branch,2,5
CMP_0000121,CUST_09985,2023-12-27,Service,Branch,5,4
CMP_0000123,CUST_00847,2025-06-20,Service,Digital,7,1
CMP_0000125,CUST_01363,2022-09-03,Service,Phone,3,5
CMP_0000126,CUST_07166,2026-01-22,Fees,Phone,5,4
CMP_0000132,CUST_06880,2022-05-26,Fraud,Phone,13,4
CMP_0000133,CUST_05927,2024-07-08,Service,Branch,2,5
CMP_0000134,CUST_09036,2022-06-17,KYC,Branch,8,5
CMP_0000135,CUST_02144,2024-11-20,Service,Branch,3,4
CMP_0000136,CUST_08938,2025-03-18,Fees,Phone,6,4
CMP_0000139,CUST_02437,2022-08-14,Service,Phone,7,4
CMP_0000140,CUST_01177,2025-04-03,Fees,Digital,8,4
CMP_0000142,CUST_07262,2024-06-02,Fees,Digital,5,2
CMP_0000143,CUST_03075,2023-11-26,KYC,Digital,12,4
CMP_0000146,CUST_04843,2023-05-16,Fraud,Digital,4,4
CMP_0000149,CUST_01777,2023-11-18,Service,Phone,3,5
CMP_0000151,CUST_01753,2022-11-12,Fees,Phone,1,5
CMP_0000152,CUST_00348,2022-09-23,Fees,Branch,6,5
CMP_0000163,CUST_03264,2022-03-04,Fees,Branch,2,3
CMP_0000164,CUST_09299,2022-01-02,Service,Digital,36,2
CMP_0000165,CUST_09040,2024-06-15,Fraud,Phone,6,5
CMP_0000170,CUST_01170,2025-07-26,Service,Digital,2,5
CMP_0000173,CUST_06938,2022-01-10,Service,Phone,14,4
CMP_0000174,CUST_05040,2023-12-18,Fees,Digital,7,3
CMP_0000177,CUST_09577,2025-03-28,Service,Branch,5,5
CMP_0000179,CUST_05183,2022-12-06,Service,Digital,2,5
CMP_0000181,CUST_04004,2022-11-28,Fees,Phone,9,2
CMP_0000183,CUST_05196,2024-02-20,Fees,Phone,6,5
CMP_0000186,CUST_00254,2022-10-17,Fees,Branch,7,4
CMP_0000188,CUST_02800,2022-11-06,Fraud,Branch,24,1
CMP_0000191,CUST_09178,2023-01-06,Fraud,Branch,3,5
CMP_0000193,CUST_09944,2022-03-07,Service,Branch,10,3
CMP_0000194,CUST_02287,2023-03-06,Fees,Branch,1,5
CMP_0000197,CUST_07315,2022-04-20,Service,Digital,17,5
CMP_0000200,CUST_02545,2023-08-25,KYC,Branch,2,5
CMP_0000201,CUST_01636,2022-11-18,Fees,Branch,11,5
CMP_0000204,CUST_07441,2024-01-14,Service,Digital,4,5
CMP_0000205,CUST_00318,2024-06-10,Service,Digital,15,2
CMP_0000210,CUST_07925,2022-01-13,Fees,Phone,5,5
CMP_0000211,CUST_06639,2026-02-19,Service,Phone,12,3
CMP_0000212,CUST_09409,2022-11-30,Service,Branch,13,5
CMP_0000215,CUST_04617,2022-02-15,Fees,Branch,8,5
CMP_0000219,CUST_04626,2022-07-27,Service,Branch,2,1
CMP_0000220,CUST_09378,2023-02-24,KYC,Phone,1,3
CMP_0000222,CUST_07247,2022-12-04,Service,Phone,5,3
CMP_0000224,CUST_00672,2022-03-30,Service,Phone,33,5
CMP_0000225,CUST_04191,2023-03-08,Service,Phone,15,3
CMP_0000231,CUST_05231,2022-05-22,Service,Digital,3,5
CMP_0000232,CUST_02073,2022-04-20,Fees,Digital,10,2
CMP_0000234,CUST_06827,2025-08-13,Fraud,Branch,6,2
CMP_0000237,CUST_07472,2022-02-10,Service,Digital,8,3
CMP_0000238,CUST_03778,2022-01-02,KYC,Digital,10,5
CMP_0000241,CUST_04389,2022-03-09,Service,Branch,7,5
CMP_0000243,CUST_06549,2022-05-18,Fraud,Digital,2,3
CMP_0000246,CUST_00768,2024-01-23,Service,Digital,4,5
CMP_0000247,CUST_03540,2022-11-06,KYC,Digital,4,4
CMP_0000248,CUST_02646,2022-08-25,Fees,Branch,13,4
CMP_0000250,CUST_02439,2023-12-25,KYC,Digital,1,5
CMP_0000252,CUST_02195,2024-11-20,Fees,Branch,26,5
CMP_0000254,CUST_03940,2026-01-08,Fraud,Phone,22,5
CMP_0000260,CUST_05268,2022-04-13,Fees,Phone,1,2
CMP_0000262,CUST_09253,2022-07-14,Service,Phone,9,4
CMP_0000263,CUST_04709,2025-04-12,Service,Phone,8,3
CMP_0000264,CUST_00499,2023-06-02,Fees,Branch,4,1
CMP_0000267,CUST_04732,2024-08-14,Service,Phone,5,4
CMP_0000268,CUST_03065,2022-07-27,KYC,Phone,8,5
CMP_0000269,CUST_05693,2022-03-04,Fees,Phone,13,4
CMP_0000272,CUST_07136,2023-01-15,Fees,Branch,23,5
CMP_0000274,CUST_05583,2026-01-14,Service,Digital,13,3
CMP_0000275,CUST_02382,2022-05-03,KYC,Branch,3,1
CMP_0000278,CUST_02783,2023-05-14,Service,Phone,2,4
CMP_0000280,CUST_08941,2023-03-28,Service,Branch,3,5
CMP_0000281,CUST_09976,2023-05-07,Service,Digital,7,4
CMP_0000282,CUST_06544,2023-04-24,Fees,Branch,10,2
CMP_0000285,CUST_02841,2022-07-03,Fraud,Branch,4,4
CMP_0000287,CUST_07262,2024-02-05,Fees,Phone,3,2
CMP_0000289,CUST_05992,2022-11-05,Service,Branch,4,1
CMP_0000290,CUST_09766,2025-04-27,Fees,Digital,2,3
CMP_0000295,CUST_02032,2022-04-12,KYC,Digital,10,5
CMP_0000298,CUST_03641,2023-06-30,Service,Digital,1,4
CMP_0000300,CUST_00702,2023-07-28,Fees,Branch,9,4
CMP_0000302,CUST_01491,2024-05-28,Fees,Branch,50,4
CMP_0000303,CUST_01426,2025-02-11,Fees,Digital,2,5
CMP_0000306,CUST_09514,2022-02-27,Service,Digital,4,2
CMP_0000312,CUST_06433,2024-09-24,KYC,Digital,2,4
CMP_0000313,CUST_03815,2025-11-06,Fees,Digital,12,1
CMP_0000314,CUST_02314,2022-03-30,Service,Phone,1,4
CMP_0000317,CUST_09662,2022-07-04,Service,Digital,65,5
CMP_0000319,CUST_07788,2023-12-31,Fees,Digital,9,4
CMP_0000321,CUST_01740,2023-04-08,Fees,Branch,4,4
CMP_0000323,CUST_07349,2024-07-02,Service,Phone,1,4
CMP_0000324,CUST_08258,2024-08-27,KYC,Digital,5,5
CMP_0000326,CUST_04084,2023-06-08,KYC,Branch,25,3
CMP_0000328,CUST_03850,2023-03-21,Fees,Phone,17,5
CMP_0000329,CUST_09149,2024-07-18,Service,Phone,3,3
CMP_0000330,CUST_03870,2022-12-27,Fees,Branch,6,1
CMP_0000336,CUST_00789,2024-02-04,Fees,Digital,58,1
CMP_0000337,CUST_01569,2023-07-02,Fees,Digital,46,5
CMP_0000344,CUST_04102,2022-05-20,Service,Digital,5,1
CMP_0000346,CUST_06819,2024-01-01,KYC,Branch,5,4
CMP_0000349,CUST_08580,2023-12-07,Service,Digital,1,4
CMP_0000351,CUST_10155,2023-10-25,Service,Phone,1,5
CMP_0000353,CUST_01575,2022-04-25,Service,Digital,12,4
CMP_0000355,CUST_06071,2022-10-14,Service,Digital,3,3
CMP_0000356,CUST_03428,2022-01-17,Service,Phone,5,4
CMP_0000357,CUST_07558,2022-08-26,Fees,Digital,3,4
CMP_0000365,CUST_02381,2022-11-10,Fees,Phone,5,5
CMP_0000368,CUST_03309,2023-03-04,Fees,Phone,4,3
CMP_0000370,CUST_05244,2023-02-23,Fees,Phone,2,2
CMP_0000371,CUST_05967,2023-11-12,Fees,Branch,16,4
CMP_0000372,CUST_06335,2022-09-20,Fees,Digital,12,5
CMP_0000375,CUST_00359,2023-07-09,Fees,Branch,1,2
CMP_0000381,CUST_02523,2022-05-26,Fees,Branch,2,5
CMP_0000382,CUST_09578,2022-08-24,Fees,Phone,8,3
CMP_0000383,CUST_04188,2023-11-27,KYC,Branch,4,5
CMP_0000384,CUST_02094,2023-02-04,Fraud,Branch,4,4
CMP_0000385,CUST_05581,2023-03-29,Fraud,Branch,3,4
CMP_0000391,CUST_01480,2022-01-10,Service,Digital,6,4
CMP_0000392,CUST_08742,2022-03-12,Fees,Digital,4,4
CMP_0000393,CUST_03628,2025-05-10,Service,Branch,8,4
CMP_0000394,CUST_09606,2022-03-05,Service,Phone,13,3
CMP_0000395,CUST_04863,2025-01-25,Service,Phone,6,4
CMP_0000399,CUST_03411,2022-10-16,Fees,Phone,3,4
CMP_0000400,CUST_09255,2024-10-05,Fraud,Phone,70,2
CMP_0000401,CUST_04093,2023-03-15,Fees,Branch,2,5
CMP_0000409,CUST_03392,2023-05-14,Fees,Branch,10,5
CMP_0000410,CUST_05416,2024-07-04,Service,Phone,5,4
CMP_0000416,CUST_07525,2023-09-24,Fees,Digital,3,4
CMP_0000417,CUST_05012,2023-01-30,Fees,Branch,4,5
CMP_0000418,CUST_08364,2022-10-16,Fees,Digital,5,2
CMP_0000420,CUST_08749,2022-07-21,Fees,Branch,7,5
CMP_0000425,CUST_02303,2024-11-04,KYC,Phone,3,5
CMP_0000427,CUST_10125,2022-02-07,Fees,Digital,4,4
CMP_0000429,CUST_00014,2022-01-15,Service,Digital,14,2
CMP_0000430,CUST_06381,2023-10-22,Fees,Digital,10,3
CMP_0000434,CUST_03103,2022-06-29,Fees,Digital,2,2
CMP_0000436,CUST_02149,2025-04-19,Fees,Digital,27,2
CMP_0000439,CUST_06225,2022-06-12,Fraud,Branch,4,2
CMP_0000440,CUST_09110,2025-05-12,KYC,Digital,4,4
CMP_0000446,CUST_06109,2024-01-23,Fees,Phone,11,2
CMP_0000447,CUST_09016,2023-05-26,Service,Phone,13,3
CMP_0000448,CUST_04859,2024-10-19,Fees,Branch,8,4
CMP_0000449,CUST_05529,2023-04-22,Service,Phone,14,5
CMP_0000451,CUST_09700,2024-12-21,Fees,Branch,10,4
CMP_0000454,CUST_01586,2022-03-29,KYC,Phone,29,5
CMP_0000455,CUST_06687,2026-05-15,Fees,Branch,12,3
CMP_0000461,CUST_04262,2025-02-11,Service,Digital,53,5
CMP_0000462,CUST_02087,2022-02-01,Fees,Branch,10,4
CMP_0000463,CUST_05708,2022-12-07,Fraud,Branch,1,4
CMP_0000464,CUST_01965,2023-09-09,Fees,Phone,34,1
CMP_0000476,CUST_09055,2025-08-09,Fees,Branch,10,2
CMP_0000478,CUST_07091,2022-01-08,KYC,Phone,2,5
CMP_0000479,CUST_02350,2025-12-29,Service,Digital,3,2
CMP_0000481,CUST_07405,2022-03-02,KYC,Digital,5,5
CMP_0000482,CUST_02634,2022-10-26,Service,Digital,33,3
CMP_0000483,CUST_08295,2022-09-29,Service,Phone,21,2
CMP_0000488,CUST_07854,2024-04-17,Fraud,Phone,2,5
CMP_0000493,CUST_00425,2022-06-10,Service,Branch,6,4
CMP_0000495,CUST_00847,2024-08-24,Fees,Phone,30,4
CMP_0000498,CUST_00108,2023-04-16,Fees,Branch,15,5
CMP_0000502,CUST_06684,2022-02-12,Fees,Branch,5,5
CMP_0000505,CUST_10027,2022-02-18,Fees,Digital,64,5
CMP_0000508,CUST_02088,2023-05-19,Fees,Branch,5,5
CMP_0000510,CUST_00510,2022-12-29,KYC,Digital,3,4
CMP_0000513,CUST_09810,2024-06-16,Service,Branch,4,5
CMP_0000514,CUST_06887,2023-11-21,Fraud,Phone,7,5
CMP_0000515,CUST_08149,2022-12-10,Fees,Phone,44,3
CMP_0000523,CUST_03304,2022-11-23,KYC,Phone,6,3
CMP_0000525,CUST_01331,2022-12-13,Service,Phone,50,4
CMP_0000528,CUST_00488,2023-05-14,Service,Digital,1,3
CMP_0000530,CUST_00766,2022-04-20,Fraud,Branch,3,3
CMP_0000533,CUST_05196,2022-06-14,Service,Digital,1,5
CMP_0000534,CUST_05839,2025-01-13,Fees,Digital,1,5
CMP_0000538,CUST_03457,2023-07-27,Fees,Phone,13,2
CMP_0000540,CUST_09284,2022-06-13,Fees,Branch,4,4
CMP_0000544,CUST_06468,2023-07-22,KYC,Digital,8,4
CMP_0000547,CUST_03093,2022-10-17,Service,Branch,3,4
CMP_0000550,CUST_00832,2024-09-17,Fees,Digital,4,4
CMP_0000555,CUST_06000,2025-06-11,Fees,Branch,9,2
CMP_0000562,CUST_05152,2023-02-22,Service,Digital,5,5
CMP_0000564,CUST_09512,2026-05-13,Service,Digital,6,5
CMP_0000566,CUST_06116,2026-01-14,KYC,Digital,18,5
CMP_0000567,CUST_01854,2022-02-10,Service,Digital,4,4
CMP_0000569,CUST_00927,2022-08-27,Service,Phone,18,4
CMP_0000575,CUST_10105,2024-03-13,Fees,Digital,7,2
CMP_0000578,CUST_06888,2022-08-22,Fees,Branch,38,2
CMP_0000579,CUST_04873,2024-07-24,Service,Digital,4,3
CMP_0000580,CUST_07928,2022-02-10,Service,Phone,4,4
CMP_0000582,CUST_09662,2022-03-30,KYC,Branch,2,4
CMP_0000587,CUST_02851,2022-10-28,KYC,Digital,4,3
CMP_0000588,CUST_05608,2022-01-31,Fees,Branch,10,5
CMP_0000589,CUST_04357,2023-07-16,Fraud,Phone,18,3
CMP_0000591,CUST_01403,2023-10-16,KYC,Phone,20,3
CMP_0000592,CUST_01076,2022-04-22,Fees,Branch,17,3
CMP_0000593,CUST_10063,2022-03-01,KYC,Phone,15,4
CMP_0000595,CUST_06411,2022-04-07,Fraud,Branch,4,5
CMP_0000606,CUST_08082,2023-01-12,KYC,Branch,2,4
CMP_0000607,CUST_05699,2022-02-21,Fees,Digital,56,3
CMP_0000608,CUST_02492,2022-07-07,Service,Phone,2,5
CMP_0000609,CUST_07608,2023-01-24,Service,Branch,11,5
CMP_0000614,CUST_07610,2022-10-10,KYC,Phone,4,5
CMP_0000615,CUST_00862,2023-03-21,KYC,Digital,2,4
CMP_0000617,CUST_01572,2024-05-04,KYC,Digital,10,3
CMP_0000622,CUST_08037,2024-05-14,Service,Branch,5,5
CMP_0000631,CUST_08166,2023-08-07,Fees,Phone,4,2
CMP_0000632,CUST_08029,2023-02-06,Service,Phone,8,2
CMP_0000634,CUST_08582,2024-11-13,KYC,Digital,8,5
CMP_0000635,CUST_03793,2022-03-29,Fraud,Phone,53,5
CMP_0000638,CUST_03696,2022-01-19,Fees,Digital,41,1
CMP_0000639,CUST_07250,2023-12-10,Service,Branch,1,5
CMP_0000641,CUST_05499,2024-07-28,Service,Digital,5,4
CMP_0000644,CUST_09926,2023-01-29,Service,Branch,6,5
CMP_0000646,CUST_08948,2022-01-19,Service,Phone,3,4
CMP_0000647,CUST_04057,2023-10-24,Service,Branch,4,4
CMP_0000648,CUST_04487,2022-09-20,Fraud,Digital,3,4
CMP_0000652,CUST_09574,2022-04-25,Service,Phone,39,2
CMP_0000656,CUST_01371,2022-03-23,Fraud,Phone,3,3
CMP_0000657,CUST_09648,2024-01-11,KYC,Branch,8,3
CMP_0000658,CUST_03733,2022-05-01,Service,Branch,10,5
CMP_0000660,CUST_04901,2024-04-04,Service,Phone,5,4
CMP_0000661,CUST_02318,2022-07-29,Fees,Phone,2,4
CMP_0000662,CUST_05559,2025-04-07,Service,Digital,12,5
CMP_0000667,CUST_09701,2023-11-24,Fees,Branch,5,4
CMP_0000668,CUST_02425,2023-06-04,Service,Phone,15,4
CMP_0000669,CUST_04250,2024-01-09,Service,Digital,12,2
CMP_0000674,CUST_00210,2023-09-04,Service,Branch,2,5
CMP_0000675,CUST_08687,2022-10-31,Service,Branch,3,4
CMP_0000680,CUST_04103,2023-07-30,Fraud,Phone,3,4
CMP_0000681,CUST_09868,2024-06-03,Fees,Digital,1,5
CMP_0000686,CUST_09091,2025-05-03,Service,Phone,3,5
CMP_0000688,CUST_04738,2024-05-08,Fees,Branch,4,3
CMP_0000694,CUST_08106,2024-11-18,Fees,Phone,5,4
CMP_0000695,CUST_07268,2022-08-25,Service,Branch,5,3
CMP_0000698,CUST_05857,2022-01-05,Service,Branch,8,4
CMP_0000702,CUST_01255,2025-03-07,Fraud,Digital,10,5
CMP_0000704,CUST_03491,2023-11-12,Service,Digital,10,4
CMP_0000706,CUST_08311,2023-02-24,Service,Branch,6,4
CMP_0000709,CUST_02261,2024-05-25,KYC,Branch,3,3
CMP_0000710,CUST_07490,2024-02-08,Service,Digital,2,4
CMP_0000711,CUST_04458,2023-03-04,Fees,Phone,1,4
CMP_0000712,CUST_05420,2023-11-02,Fees,Branch,7,4
CMP_0000713,CUST_09817,2022-02-10,Service,Digital,4,4
CMP_0000715,CUST_07022,2022-07-12,Fees,Branch,5,5
CMP_0000719,CUST_02878,2025-05-01,Fees,Digital,10,4
CMP_0000720,CUST_09527,2023-07-23,Fees,Phone,4,5
CMP_0000722,CUST_03317,2022-11-14,Fees,Phone,7,2
CMP_0000724,CUST_10050,2022-07-21,Service,Digital,1,3
CMP_0000725,CUST_07877,2023-08-20,Fraud,Branch,8,5
CMP_0000733,CUST_10114,2024-07-05,Fraud,Digital,1,2
CMP_0000736,CUST_02284,2022-07-12,Service,Digital,8,1
CMP_0000739,CUST_06591,2022-01-24,Service,Phone,4,1
CMP_0000743,CUST_03131,2023-12-28,Service,Digital,16,4
CMP_0000745,CUST_03951,2023-03-27,Fees,Digital,6,3
CMP_0000749,CUST_03647,2024-10-18,Fees,Digital,30,2
CMP_0000750,CUST_01371,2023-11-03,Service,Phone,4,5
CMP_0000751,CUST_05737,2023-07-06,Service,Digital,21,3
CMP_0000752,CUST_03617,2022-04-04,Service,Branch,1,4
CMP_0000753,CUST_06655,2023-09-18,Service,Branch,6,5
CMP_0000754,CUST_02146,2022-12-06,Fees,Branch,1,4
CMP_0000756,CUST_01855,2022-05-19,Fees,Branch,3,3
CMP_0000757,CUST_05192,2024-11-05,KYC,Phone,10,5
CMP_0000761,CUST_02144,2022-06-26,Fees,Branch,2,5
CMP_0000762,CUST_02827,2023-06-10,Service,Branch,9,4
CMP_0000764,CUST_07612,2023-05-26,Service,Digital,4,4
CMP_0000765,CUST_05646,2023-10-10,Fees,Phone,32,2
CMP_0000766,CUST_01437,2022-08-06,Service,Digital,6,4
CMP_0000767,CUST_00420,2024-05-13,KYC,Digital,6,3
CMP_0000769,CUST_01500,2022-08-01,Fees,Digital,10,3
CMP_0000770,CUST_00458,2023-09-23,Service,Phone,4,4
CMP_0000773,CUST_07678,2023-03-23,KYC,Branch,2,3
CMP_0000777,CUST_06085,2022-04-20,Service,Branch,8,4
CMP_0000778,CUST_00461,2023-01-21,Fees,Branch,6,2
CMP_0000783,CUST_03265,2024-04-07,Fees,Digital,6,2
CMP_0000787,CUST_03504,2022-08-26,KYC,Phone,19,5
CMP_0000788,CUST_05207,2022-07-01,Fees,Digital,14,4
CMP_0000789,CUST_01239,2022-08-28,Service,Digital,57,4
CMP_0000795,CUST_09754,2024-05-05,Fraud,Digital,3,3
CMP_0000796,CUST_06246,2022-04-20,Fees,Phone,8,5
CMP_0000797,CUST_07533,2024-06-08,KYC,Digital,6,5
CMP_0000798,CUST_00604,2022-06-07,KYC,Phone,3,5
CMP_0000799,CUST_09700,2022-03-09,Fees,Phone,1,4
CMP_0000802,CUST_02876,2022-08-10,Service,Branch,9,2
CMP_0000803,CUST_05384,2022-02-02,Fees,Branch,12,4
CMP_0000804,CUST_01078,2022-03-20,Service,Branch,6,3
CMP_0000805,CUST_09266,2023-11-18,Service,Digital,3,5
CMP_0000809,CUST_06648,2023-12-17,KYC,Phone,6,3
CMP_0000811,CUST_06809,2022-07-18,KYC,Phone,5,3
CMP_0000813,CUST_01587,2025-01-22,Fees,Digital,3,3
CMP_0000817,CUST_03230,2023-08-19,Service,Branch,4,3
CMP_0000819,CUST_04984,2023-07-31,KYC,Branch,4,3
CMP_0000826,CUST_01279,2022-07-11,Fees,Phone,9,4
CMP_0000830,CUST_00297,2023-01-22,Fraud,Digital,2,5
CMP_0000834,CUST_00216,2023-11-12,Fraud,Phone,7,5
CMP_0000835,CUST_05399,2023-05-13,KYC,Phone,5,5
CMP_0000842,CUST_07233,2024-08-13,Service,Phone,5,2
CMP_0000843,CUST_09568,2022-05-29,Service,Branch,6,4
CMP_0000844,CUST_07090,2023-03-19,Fees,Digital,62,4
CMP_0000845,CUST_07150,2022-04-16,Fees,Branch,5,1
CMP_0000846,CUST_07100,2023-12-09,Fees,Phone,5,2
CMP_0000848,CUST_05382,2022-12-16,KYC,Phone,8,4
CMP_0000849,CUST_02189,2023-01-24,Fees,Phone,3,2
CMP_0000850,CUST_09775,2024-06-11,Service,Digital,5,3
CMP_0000851,CUST_08139,2024-05-11,Service,Digital,1,4
CMP_0000852,CUST_05243,2023-12-29,Fees,Digital,64,4
CMP_0000853,CUST_09794,2023-08-30,KYC,Phone,11,3
CMP_0000854,CUST_07412,2022-02-15,Fraud,Digital,8,5
CMP_0000856,CUST_06397,2025-11-16,Service,Phone,7,1
CMP_0000857,CUST_03735,2025-07-27,Service,Phone,5,4
CMP_0000859,CUST_06021,2023-01-10,Fees,Phone,45,4
CMP_0000860,CUST_00137,2024-05-15,KYC,Branch,11,4
CMP_0000867,CUST_06067,2022-03-26,Service,Digital,4,5
CMP_0000877,CUST_04288,2025-03-14,KYC,Phone,2,5
CMP_0000878,CUST_03930,2022-02-14,Service,Phone,10,1
CMP_0000880,CUST_10084,2026-05-31,Fees,Digital,6,5
CMP_0000882,CUST_06275,2022-05-11,Service,Digital,12,4
CMP_0000886,CUST_01112,2022-01-31,KYC,Phone,1,4
CMP_0000890,CUST_05277,2022-03-17,Fees,Branch,6,4
CMP_0000893,CUST_08616,2024-07-06,Service,Branch,1,5
CMP_0000894,CUST_03982,2023-03-23,Fees,Phone,22,5
CMP_0000895,CUST_09592,2022-10-28,Fees,Branch,4,4
CMP_0000897,CUST_00854,2024-07-24,KYC,Branch,10,2
CMP_0000905,CUST_00645,2023-08-23,Service,Branch,1,1
CMP_0000913,CUST_02681,2023-07-03,Service,Digital,1,4
CMP_0000914,CUST_02151,2022-01-15,Service,Phone,9,3
CMP_0000915,CUST_03678,2024-03-07,Fees,Branch,3,4
CMP_0000919,CUST_06412,2025-09-02,Fees,Digital,46,2
CMP_0000921,CUST_04007,2025-09-08,Service,Digital,8,2
CMP_0000923,CUST_05938,2023-10-03,Fees,Branch,5,4
CMP_0000924,CUST_01578,2022-04-12,Fees,Digital,11,3
CMP_0000927,CUST_08261,2022-06-06,Fees,Digital,10,5
CMP_0000928,CUST_10072,2024-02-24,Fees,Branch,3,3
CMP_0000932,CUST_02648,2025-04-22,Fees,Digital,5,5
CMP_0000934,CUST_02263,2023-01-09,Fees,Digital,11,4
CMP_0000936,CUST_08717,2022-12-25,Fees,Branch,2,3
CMP_0000937,CUST_04128,2024-07-01,Fraud,Digital,6,3
CMP_0000940,CUST_03054,2022-08-18,Service,Phone,8,4
CMP_0000941,CUST_05153,2022-07-28,Fees,Branch,8,5
CMP_0000943,CUST_02666,2023-06-08,KYC,Phone,12,4
CMP_0000944,CUST_08640,2022-06-03,Fees,Phone,13,5
CMP_0000946,CUST_03663,2022-05-07,Fees,Phone,2,5
CMP_0000948,CUST_09407,2022-05-14,Service,Phone,64,3
CMP_0000951,CUST_01977,2026-02-25,Fees,Phone,11,5
CMP_0000952,CUST_01964,2022-12-09,Fraud,Digital,5,5
CMP_0000956,CUST_03258,2023-05-06,Service,Branch,3,4
CMP_0000961,CUST_08685,2024-06-25,Fees,Phone,1,2
CMP_0000972,CUST_00343,2022-01-01,Service,Branch,8,4
CMP_0000973,CUST_07757,2023-02-26,Service,Branch,2,3
CMP_0000976,CUST_06806,2022-09-02,Service,Branch,8,5
CMP_0000981,CUST_04219,2024-11-20,Service,Digital,5,4
CMP_0000983,CUST_04103,2024-11-04,KYC,Digital,6,4
CMP_0000985,CUST_07789,2026-01-15,Service,Branch,2,5
CMP_0000989,CUST_07666,2023-10-03,Fraud,Branch,12,4
CMP_0000990,CUST_00504,2022-04-22,Fees,Phone,1,4
CMP_0000991,CUST_07461,2023-06-24,Fees,Digital,3,5
CMP_0000992,CUST_04510,2022-11-17,KYC,Phone,14,4
CMP_0000993,CUST_06210,2024-11-27,Fees,Digital,3,5
CMP_0000996,CUST_03282,2023-03-28,KYC,Phone,10,2
CMP_0001003,CUST_08428,2022-01-22,Service,Digital,1,5
CMP_0001006,CUST_03631,2023-03-10,Service,Digital,3,5
CMP_0001007,CUST_08358,2023-07-25,Fees,Phone,2,2
CMP_0001010,CUST_03433,2023-01-23,Service,Digital,9,3
CMP_0001012,CUST_03833,2024-02-18,Fees,Branch,6,3
CMP_0001017,CUST_07999,2025-03-27,Service,Digital,4,4
CMP_0001022,CUST_07034,2022-03-22,KYC,Digital,1,4
CMP_0001026,CUST_02695,2023-04-25,Service,Branch,3,2
CMP_0001027,CUST_07496,2023-09-21,KYC,Phone,4,4
CMP_0001028,CUST_02105,2022-05-13,Service,Phone,1,5
CMP_0001031,CUST_01078,2024-12-29,KYC,Branch,2,5
CMP_0001038,CUST_07697,2024-08-18,Service,Phone,6,4
CMP_0001042,CUST_00962,2023-02-07,KYC,Branch,5,4
CMP_0001044,CUST_05376,2023-01-26,Fees,Branch,1,4
CMP_0001045,CUST_04392,2023-05-15,Service,Phone,13,4
CMP_0001046,CUST_01401,2022-09-13,Service,Phone,10,4
CMP_0001047,CUST_00592,2024-11-01,Fees,Digital,3,5
CMP_0001048,CUST_01636,2022-09-01,KYC,Branch,9,3
CMP_0001051,CUST_02506,2023-07-29,KYC,Digital,4,4
CMP_0001054,CUST_00810,2024-04-05,Fraud,Phone,4,3
CMP_0001055,CUST_03714,2022-07-11,KYC,Phone,3,4
CMP_0001058,CUST_08768,2026-05-08,Service,Branch,3,5
CMP_0001060,CUST_00433,2023-05-10,Service,Branch,1,1
CMP_0001062,CUST_09296,2024-09-22,Fees,Digital,50,2
CMP_0001063,CUST_01913,2023-03-23,Service,Phone,64,1
CMP_0001065,CUST_09996,2024-04-10,Service,Phone,3,4
CMP_0001066,CUST_00281,2022-03-12,Service,Digital,7,4
CMP_0001067,CUST_03929,2022-01-18,Service,Phone,8,5
CMP_0001068,CUST_00604,2025-10-06,Fees,Digital,6,2
CMP_0001069,CUST_05942,2022-11-05,Fees,Branch,9,5
CMP_0001070,CUST_03075,2022-03-15,Fraud,Phone,5,4
CMP_0001071,CUST_03229,2022-03-06,Fees,Phone,26,2
CMP_0001074,CUST_03962,2024-08-10,Service,Phone,7,3
CMP_0001076,CUST_01905,2023-06-28,KYC,Digital,5,5
CMP_0001078,CUST_06247,2025-03-23,KYC,Branch,8,2
CMP_0001082,CUST_09658,2023-05-02,Fees,Branch,9,4
CMP_0001086,CUST_01887,2025-02-07,Service,Branch,5,4
CMP_0001087,CUST_05821,2024-03-26,Service,Phone,8,4
CMP_0001089,CUST_01221,2024-03-28,Service,Branch,16,4
CMP_0001090,CUST_05125,2024-11-13,Service,Phone,4,4
CMP_0001092,CUST_07316,2022-03-04,Service,Phone,17,4
CMP_0001096,CUST_07745,2022-08-11,Fees,Branch,6,3
CMP_0001100,CUST_02383,2022-07-09,Fees,Phone,7,5
CMP_0001102,CUST_01228,2024-12-11,Fees,Phone,3,5
CMP_0001106,CUST_06341,2022-09-10,KYC,Branch,1,5
CMP_0001107,CUST_09757,2023-08-16,Fees,Digital,10,4
CMP_0001109,CUST_08546,2022-05-01,Service,Digital,9,1
CMP_0001117,CUST_07223,2022-06-05,Fees,Branch,6,4
CMP_0001123,CUST_08271,2024-09-10,Fraud,Phone,4,2
CMP_0001124,CUST_02543,2022-05-20,Fees,Digital,4,3
CMP_0001125,CUST_07810,2023-11-11,Fees,Digital,55,1
CMP_0001127,CUST_04517,2022-07-09,Fees,Branch,2,4
CMP_0001135,CUST_00805,2022-07-07,Fees,Phone,2,1
CMP_0001136,CUST_09874,2022-09-19,Fees,Digital,12,3
CMP_0001138,CUST_09118,2025-03-11,KYC,Branch,2,5
CMP_0001144,CUST_06459,2022-07-13,Fees,Branch,21,1
CMP_0001145,CUST_00027,2025-01-29,Fees,Branch,10,5
CMP_0001146,CUST_07597,2022-12-01,KYC,Digital,1,2
CMP_0001148,CUST_02111,2022-02-10,Fees,Branch,3,4
CMP_0001152,CUST_03522,2023-07-06,Service,Branch,73,5
CMP_0001154,CUST_02373,2023-06-04,Service,Phone,8,4
CMP_0001155,CUST_00522,2024-09-30,Fees,Digital,4,5
CMP_0001157,CUST_00685,2022-04-02,KYC,Digital,5,5
CMP_0001159,CUST_02879,2022-01-27,Fees,Phone,7,4
CMP_0001160,CUST_06556,2024-09-09,Service,Phone,4,4
CMP_0001161,CUST_05822,2025-02-04,Fees,Branch,8,3
CMP_0001162,CUST_03141,2022-09-30,Service,Branch,4,5
CMP_0001164,CUST_00516,2024-11-22,Service,Phone,11,3
CMP_0001165,CUST_02063,2023-07-04,Fraud,Branch,4,1
CMP_0001166,CUST_09026,2023-03-08,Fees,Branch,4,4
CMP_0001167,CUST_09125,2022-01-29,Fees,Branch,9,4
CMP_0001169,CUST_04084,2024-07-28,Service,Digital,11,5
CMP_0001170,CUST_09846,2022-11-12,Service,Phone,4,5
CMP_0001173,CUST_08757,2024-08-01,Service,Phone,4,4
CMP_0001174,CUST_04556,2022-05-03,Service,Digital,5,5
CMP_0001176,CUST_03864,2023-08-23,Service,Phone,14,4
CMP_0001178,CUST_04613,2022-12-23,Fees,Digital,4,4
CMP_0001182,CUST_08050,2023-09-02,Fees,Branch,5,5
CMP_0001183,CUST_04799,2024-12-09,Service,Phone,3,1
CMP_0001184,CUST_07953,2025-02-18,Service,Digital,6,5
CMP_0001185,CUST_01957,2023-06-29,Fees,Branch,7,5
CMP_0001192,CUST_08141,2025-09-01,Fees,Branch,12,2
CMP_0001193,CUST_04854,2024-09-12,Service,Branch,10,4
CMP_0001194,CUST_09024,2022-06-25,KYC,Branch,1,4
CMP_0001197,CUST_02639,2022-07-25,KYC,Phone,2,4
CMP_0001198,CUST_00409,2026-05-30,Fees,Phone,4,4
CMP_0001199,CUST_00359,2023-07-18,Fees,Branch,6,5
CMP_0001200,CUST_05681,2025-06-10,Fees,Branch,5,5
CMP_0001201,CUST_07220,2023-01-19,Service,Phone,4,3
CMP_0001204,CUST_09547,2024-08-09,Fees,Phone,11,5
CMP_0001205,CUST_07899,2022-02-01,Service,Branch,5,5
CMP_0001213,CUST_00305,2022-02-27,Service,Phone,4,5
CMP_0001215,CUST_05401,2023-04-15,Service,Digital,12,3
CMP_0001219,CUST_09807,2022-04-24,Service,Branch,1,5
CMP_0001220,CUST_01245,2024-07-23,Fees,Phone,5,4
CMP_0001222,CUST_07874,2023-05-16,Service,Branch,1,1
CMP_0001223,CUST_09454,2022-03-20,Service,Digital,5,4
CMP_0001227,CUST_05405,2024-06-25,Service,Digital,45,3
CMP_0001228,CUST_00390,2022-01-16,Service,Digital,7,4
CMP_0001229,CUST_09729,2022-05-13,Service,Digital,1,4
CMP_0001234,CUST_04756,2022-10-25,Service,Branch,14,4
CMP_0001241,CUST_02430,2025-11-01,Fees,Branch,10,4
CMP_0001242,CUST_05836,2022-03-14,Fees,Branch,11,4
CMP_0001243,CUST_02793,2023-08-08,Service,Phone,7,5
CMP_0001247,CUST_02247,2024-02-04,Service,Phone,1,4
CMP_0001250,CUST_07793,2022-04-02,Service,Phone,7,1
CMP_0001253,CUST_09940,2022-03-31,Fees,Phone,5,3
CMP_0001257,CUST_07932,2024-10-06,Fees,Digital,1,1
CMP_0001258,CUST_01988,2024-11-10,Fees,Branch,5,4
CMP_0001261,CUST_04128,2022-08-03,Service,Digital,68,5
CMP_0001263,CUST_05001,2022-09-29,Fees,Digital,3,2
CMP_0001265,CUST_07739,2023-10-03,KYC,Branch,3,4
CMP_0001266,CUST_00710,2022-10-05,Fraud,Branch,3,4
CMP_0001271,CUST_01791,2022-07-23,Service,Branch,14,2
CMP_0001272,CUST_06052,2024-04-17,Fees,Digital,16,3
CMP_0001274,CUST_08854,2022-12-15,Fraud,Digital,8,2
CMP_0001275,CUST_00847,2023-01-19,Fees,Branch,1,5
CMP_0001280,CUST_01454,2022-09-26,Service,Digital,12,3
CMP_0001281,CUST_05263,2024-01-19,KYC,Phone,10,5
CMP_0001282,CUST_01736,2022-08-17,KYC,Phone,6,5
CMP_0001284,CUST_00184,2024-07-04,KYC,Digital,4,2
CMP_0001285,CUST_08368,2022-06-15,Service,Branch,4,3
CMP_0001286,CUST_05490,2024-05-15,KYC,Phone,10,3
CMP_0001289,CUST_00437,2023-02-12,Fees,Digital,8,3
CMP_0001296,CUST_08823,2022-03-19,Fees,Branch,45,4
CMP_0001297,CUST_05404,2024-03-31,Fraud,Digital,5,3
CMP_0001299,CUST_07593,2022-01-14,Service,Branch,5,3
CMP_0001301,CUST_10056,2022-11-30,KYC,Digital,3,5
CMP_0001307,CUST_04280,2022-02-27,Service,Phone,2,1
CMP_0001309,CUST_03167,2024-01-18,KYC,Branch,3,5
CMP_0001311,CUST_07427,2023-06-30,KYC,Branch,3,4
CMP_0001312,CUST_02941,2022-04-18,Fees,Phone,5,2
CMP_0001313,CUST_01701,2023-10-15,KYC,Branch,15,4
CMP_0001314,CUST_06414,2022-10-06,Service,Phone,2,4
CMP_0001315,CUST_07432,2022-09-20,Service,Branch,10,3
CMP_0001319,CUST_02230,2022-01-09,Service,Phone,9,4
CMP_0001320,CUST_03900,2023-01-01,KYC,Digital,10,5
CMP_0001322,CUST_03212,2022-08-26,Fees,Phone,2,2
CMP_0001327,CUST_07742,2025-06-06,Service,Branch,14,4
CMP_0001328,CUST_02256,2025-03-04,Service,Digital,5,5
CMP_0001330,CUST_09094,2023-10-28,Fees,Phone,1,5
CMP_0001332,CUST_06019,2024-07-02,Service,Branch,10,3
CMP_0001340,CUST_09435,2024-12-19,KYC,Branch,9,5
CMP_0001346,CUST_09572,2022-09-23,KYC,Phone,7,3
CMP_0001351,CUST_07698,2022-02-03,Service,Phone,9,2
CMP_0001352,CUST_08634,2024-04-12,Service,Phone,4,4
CMP_0001355,CUST_00137,2022-08-21,KYC,Phone,14,5
CMP_0001358,CUST_08998,2023-04-02,KYC,Digital,16,3
CMP_0001361,CUST_03093,2022-01-23,Fees,Digital,62,3
CMP_0001364,CUST_05642,2022-09-18,Fees,Phone,8,5
CMP_0001367,CUST_05746,2023-04-03,Service,Branch,19,4
CMP_0001368,CUST_03126,2023-05-16,Fees,Digital,3,5
CMP_0001370,CUST_07560,2022-07-20,Fraud,Branch,8,2
CMP_0001374,CUST_02464,2023-03-20,Service,Phone,3,3
CMP_0001377,CUST_02475,2022-11-14,Service,Phone,6,5
CMP_0001378,CUST_09854,2024-05-13,Service,Branch,4,4
CMP_0001379,CUST_07909,2023-07-29,Fees,Phone,8,4
CMP_0001386,CUST_10008,2022-01-24,Service,Phone,4,3
CMP_0001387,CUST_02701,2023-09-21,Fees,Digital,13,5
CMP_0001388,CUST_06611,2023-08-03,Fees,Branch,12,5
CMP_0001393,CUST_03554,2023-03-31,Service,Phone,1,4
CMP_0001396,CUST_06688,2024-06-04,Fees,Phone,5,4
CMP_0001397,CUST_06864,2024-03-31,Service,Phone,14,4
CMP_0001398,CUST_01739,2023-07-16,Fees,Digital,11,3
CMP_0001402,CUST_03703,2023-05-06,KYC,Phone,1,3
CMP_0001405,CUST_03230,2025-09-30,Fees,Phone,7,4
CMP_0001406,CUST_06296,2023-09-06,Fraud,Phone,7,4
CMP_0001407,CUST_07699,2022-03-28,Service,Digital,4,2
CMP_0001408,CUST_06819,2023-05-27,Fees,Branch,17,5
CMP_0001410,CUST_07052,2022-04-21,Fees,Digital,3,5
CMP_0001411,CUST_07036,2022-11-18,KYC,Digital,1,2
CMP_0001412,CUST_03084,2023-09-24,Service,Phone,3,1
CMP_0001418,CUST_02587,2022-04-13,Fees,Phone,3,4
CMP_0001419,CUST_04012,2022-06-07,Service,Digital,12,5
CMP_0001428,CUST_09823,2023-06-02,Service,Digital,7,5
CMP_0001430,CUST_03340,2022-12-08,Service,Phone,2,4
CMP_0001431,CUST_05297,2023-03-27,Service,Branch,3,3
CMP_0001437,CUST_01991,2023-12-19,Service,Digital,2,5
CMP_0001438,CUST_07876,2024-10-26,KYC,Branch,1,5
CMP_0001440,CUST_02774,2025-03-29,Fees,Phone,5,4
CMP_0001442,CUST_00544,2023-12-21,KYC,Phone,58,4
CMP_0001444,CUST_10152,2024-05-12,Fees,Phone,10,2
CMP_0001445,CUST_00982,2024-09-18,Fees,Digital,1,3
CMP_0001446,CUST_06865,2023-08-01,KYC,Phone,5,4
CMP_0001449,CUST_02639,2023-08-05,KYC,Branch,6,5
CMP_0001450,CUST_09070,2023-02-06,Fees,Phone,8,4
CMP_0001451,CUST_02075,2023-03-02,Fees,Phone,4,5
CMP_0001456,CUST_06664,2022-03-14,KYC,Digital,11,4
CMP_0001457,CUST_04202,2022-02-02,Fees,Phone,14,5
CMP_0001463,CUST_09775,2024-11-04,Service,Digital,3,4
CMP_0001464,CUST_03382,2022-08-16,Fees,Branch,10,4
CMP_0001465,CUST_02472,2025-03-12,Fees,Branch,6,5
CMP_0001467,CUST_09697,2022-01-01,Service,Digital,5,1
CMP_0001468,CUST_02516,2022-06-08,Fraud,Branch,5,4
CMP_0001470,CUST_08948,2022-09-19,Fees,Branch,2,1
CMP_0001474,CUST_07259,2024-01-23,Service,Branch,5,4
CMP_0001476,CUST_02706,2023-10-10,Service,Branch,2,5
CMP_0001479,CUST_00432,2022-06-27,Service,Phone,1,5
CMP_0001480,CUST_06877,2022-03-30,Service,Digital,5,5
CMP_0001483,CUST_06819,2022-09-17,Fees,Branch,7,5
CMP_0001485,CUST_06261,2023-04-17,Service,Phone,11,4
CMP_0001486,CUST_00550,2024-08-13,Service,Digital,4,4
CMP_0001487,CUST_10194,2022-01-18,Service,Branch,6,4
CMP_0001488,CUST_09341,2025-06-07,Service,Branch,4,2
CMP_0001490,CUST_04602,2023-05-16,Fees,Phone,25,3
CMP_0001491,CUST_01121,2025-06-15,KYC,Phone,9,1
CMP_0001492,CUST_02835,2023-07-15,Service,Digital,2,5
CMP_0001493,CUST_07343,2025-09-19,Fees,Phone,66,1
CMP_0001494,CUST_01555,2024-04-18,Service,Digital,4,4
CMP_0001495,CUST_05935,2022-05-05,Service,Phone,5,4
CMP_0001496,CUST_06513,2023-08-10,Fraud,Digital,12,3
CMP_0001497,CUST_03509,2022-07-23,Service,Digital,1,5
CMP_0001499,CUST_00060,2024-03-10,Fees,Digital,3,4
CMP_0001500,CUST_04987,2023-06-04,Service,Branch,5,4
CMP_0001501,CUST_09321,2022-08-13,KYC,Phone,14,5
CMP_0001503,CUST_00343,2022-02-20,Service,Branch,1,5
CMP_0001504,CUST_02338,2025-01-15,Fees,Digital,4,5
CMP_0001505,CUST_06933,2024-06-21,Service,Branch,5,2
CMP_0001506,CUST_04789,2026-06-21,Fees,Phone,5,3
CMP_0001509,CUST_06248,2022-06-27,Service,Phone,8,1
CMP_0001510,CUST_01410,2023-02-09,Service,Digital,1,2
CMP_0001513,CUST_06351,2022-08-30,Fraud,Phone,4,4
CMP_0001515,CUST_01901,2025-01-16,Fees,Branch,9,5
CMP_0001517,CUST_03003,2023-03-22,Fraud,Digital,3,4
CMP_0001519,CUST_02889,2022-05-20,KYC,Digital,13,5
CMP_0001521,CUST_01118,2023-07-04,Service,Phone,13,3
CMP_0001522,CUST_01957,2024-09-10,Service,Digital,2,3
CMP_0001523,CUST_08478,2023-01-18,Service,Digital,2,5
CMP_0001526,CUST_05064,2022-09-08,Service,Branch,5,4
CMP_0001530,CUST_09080,2023-12-25,Service,Phone,16,4
CMP_0001534,CUST_08067,2023-01-24,Service,Digital,12,3
CMP_0001538,CUST_04483,2024-05-11,KYC,Digital,5,4
CMP_0001542,CUST_05217,2023-10-22,KYC,Phone,16,5
CMP_0001543,CUST_02373,2025-12-02,Service,Branch,3,5
CMP_0001544,CUST_01915,2024-10-08,Fees,Digital,8,4
CMP_0001546,CUST_06733,2025-10-14,Service,Phone,8,4
CMP_0001547,CUST_00147,2022-12-22,Fees,Phone,4,5
CMP_0001550,CUST_06155,2022-07-14,Fees,Branch,17,2
CMP_0001552,CUST_02219,2024-09-24,Fraud,Digital,8,4
CMP_0001555,CUST_05927,2022-02-24,Service,Digital,1,5
CMP_0001559,CUST_06534,2022-06-20,Fees,Branch,6,4
CMP_0001562,CUST_07527,2023-12-29,Fraud,Phone,11,1
CMP_0001567,CUST_07412,2023-10-24,Service,Branch,7,5
CMP_0001570,CUST_09298,2023-10-26,KYC,Digital,19,3
CMP_0001572,CUST_05623,2024-05-20,Service,Phone,2,4
CMP_0001576,CUST_08305,2023-04-27,Fees,Digital,6,4
CMP_0001582,CUST_04505,2022-10-04,Service,Phone,8,3
CMP_0001584,CUST_08278,2022-08-30,Service,Digital,2,2
CMP_0001590,CUST_02428,2022-02-24,Service,Branch,2,4
CMP_0001596,CUST_07319,2024-05-31,Service,Branch,2,5
CMP_0001602,CUST_04403,2023-06-08,Service,Phone,12,4
CMP_0001603,CUST_03908,2022-06-22,Fees,Digital,16,4
CMP_0001605,CUST_04852,2024-03-27,Service,Branch,7,5
CMP_0001607,CUST_00585,2022-05-26,Service,Digital,16,4
CMP_0001608,CUST_00024,2022-08-01,Fees,Branch,6,4
CMP_0001609,CUST_04321,2025-10-14,Fraud,Digital,7,2
CMP_0001611,CUST_07931,2023-07-28,KYC,Phone,5,5
CMP_0001612,CUST_01492,2023-03-01,Fees,Phone,32,2
CMP_0001613,CUST_05075,2022-10-30,Service,Phone,5,3
CMP_0001614,CUST_08448,2024-07-30,Service,Digital,9,4
CMP_0001616,CUST_03942,2024-05-10,Service,Digital,5,5
CMP_0001619,CUST_04971,2022-11-17,Fees,Digital,7,2
CMP_0001624,CUST_06313,2022-09-23,Fees,Digital,5,5
CMP_0001629,CUST_07315,2023-03-13,Fees,Phone,4,5
CMP_0001631,CUST_03150,2022-07-11,KYC,Branch,8,4
CMP_0001633,CUST_00216,2025-08-18,Service,Digital,3,3
CMP_0001634,CUST_07780,2025-07-13,Service,Branch,4,4
CMP_0001637,CUST_08017,2025-07-02,Service,Digital,2,5
CMP_0001641,CUST_04537,2024-08-12,Service,Digital,5,3
CMP_0001642,CUST_02233,2026-02-14,Service,Branch,20,5
CMP_0001645,CUST_04085,2022-05-07,Fees,Branch,4,3
CMP_0001646,CUST_04330,2023-05-11,Fees,Digital,5,5
CMP_0001647,CUST_08196,2024-06-29,Service,Digital,3,4
CMP_0001654,CUST_06610,2024-08-06,Service,Branch,54,4
CMP_0001658,CUST_06322,2022-10-21,Fraud,Branch,1,2
CMP_0001659,CUST_06285,2023-07-20,Service,Branch,3,4
CMP_0001661,CUST_04513,2022-09-18,Fees,Phone,13,5
CMP_0001662,CUST_00227,2022-10-28,Service,Digital,4,5
CMP_0001664,CUST_03551,2022-08-21,Service,Phone,4,4
CMP_0001665,CUST_01512,2022-08-23,Fees,Branch,4,5
CMP_0001667,CUST_09282,2025-08-02,Service,Phone,2,3
CMP_0001668,CUST_06314,2022-08-24,Fees,Digital,10,5
CMP_0001669,CUST_07756,2022-08-05,Fees,Phone,2,5
CMP_0001671,CUST_08370,2022-07-17,Fees,Digital,8,3
CMP_0001672,CUST_09944,2023-10-09,Fees,Digital,6,3
CMP_0001674,CUST_04262,2022-09-07,Fees,Phone,9,4
CMP_0001675,CUST_07705,2023-11-16,Service,Branch,4,4
CMP_0001677,CUST_02237,2023-01-09,Service,Digital,9,4
CMP_0001679,CUST_02547,2022-05-12,KYC,Branch,9,4
CMP_0001680,CUST_04294,2022-08-17,Service,Digital,7,2
CMP_0001687,CUST_06265,2023-04-15,KYC,Phone,3,5
CMP_0001701,CUST_09979,2022-12-23,Service,Phone,10,2
CMP_0001704,CUST_06414,2022-09-04,KYC,Digital,12,4
CMP_0001707,CUST_00822,2024-12-23,Fees,Phone,3,1
CMP_0001710,CUST_02933,2022-03-11,Fees,Digital,8,5
CMP_0001711,CUST_03698,2025-11-23,Fraud,Digital,5,1
CMP_0001713,CUST_05792,2023-06-22,Fees,Digital,6,3
CMP_0001714,CUST_02283,2023-05-13,KYC,Phone,1,5
CMP_0001716,CUST_10059,2023-03-06,Service,Digital,1,5
CMP_0001717,CUST_04879,2024-08-30,Service,Branch,11,5
CMP_0001718,CUST_03194,2023-05-29,KYC,Digital,10,2
CMP_0001719,CUST_09961,2022-03-24,Service,Digital,2,4
CMP_0001721,CUST_06925,2023-07-20,KYC,Digital,2,4
CMP_0001727,CUST_02010,2023-05-25,KYC,Digital,4,2
CMP_0001728,CUST_08345,2022-12-24,Fraud,Branch,3,4
CMP_0001730,CUST_00378,2025-10-02,Fees,Digital,29,5
CMP_0001731,CUST_00248,2022-07-06,KYC,Branch,3,4
CMP_0001733,CUST_00580,2022-03-02,Service,Digital,5,3
CMP_0001735,CUST_04179,2023-01-30,KYC,Branch,6,4
CMP_0001739,CUST_04295,2024-02-18,Fees,Phone,3,4
CMP_0001740,CUST_00253,2023-01-06,KYC,Branch,15,4
CMP_0001741,CUST_07120,2024-03-10,Service,Phone,1,2
CMP_0001742,CUST_09963,2023-12-22,Service,Branch,4,1
CMP_0001745,CUST_08497,2024-08-02,Service,Branch,4,3
CMP_0001748,CUST_00065,2022-12-16,Service,Phone,1,5
CMP_0001749,CUST_00931,2022-01-27,Service,Branch,9,4
CMP_0001750,CUST_00865,2024-09-11,KYC,Branch,7,5
CMP_0001751,CUST_00566,2025-03-01,Service,Digital,5,4
CMP_0001752,CUST_00984,2024-09-02,Fees,Phone,2,4
CMP_0001758,CUST_02101,2022-03-29,Service,Phone,20,5
CMP_0001760,CUST_08404,2024-02-15,Fees,Phone,2,3
CMP_0001762,CUST_07182,2024-02-19,Service,Branch,2,5
CMP_0001763,CUST_01626,2024-06-10,Fees,Branch,47,1
CMP_0001767,CUST_02649,2023-01-02,Service,Phone,3,4
CMP_0001769,CUST_07976,2023-04-24,Service,Phone,7,4
CMP_0001772,CUST_04686,2023-05-17,Service,Phone,2,3
CMP_0001777,CUST_00313,2025-04-18,Fraud,Phone,7,5
CMP_0001779,CUST_03894,2022-07-21,Service,Digital,3,3
CMP_0001785,CUST_03038,2022-01-04,Service,Digital,5,5
CMP_0001786,CUST_09641,2024-08-08,Fees,Branch,4,4
CMP_0001788,CUST_09614,2023-04-18,Service,Branch,4,5
CMP_0001790,CUST_08368,2022-10-31,Service,Digital,17,3
CMP_0001791,CUST_08747,2022-08-26,Service,Phone,13,5
CMP_0001796,CUST_06741,2022-01-05,Fees,Digital,4,4
CMP_0001799,CUST_07853,2023-03-14,Fraud,Branch,5,4
CMP_0001800,CUST_07508,2023-12-30,Service,Phone,7,5
CMP_0001801,CUST_02704,2025-01-16,Service,Branch,6,2
CMP_0001803,CUST_06281,2024-12-27,Service,Digital,9,3
CMP_0001805,CUST_00136,2023-12-18,Service,Branch,4,2
CMP_0001807,CUST_05437,2025-10-11,Service,Branch,4,4
CMP_0001809,CUST_08893,2022-08-08,Fees,Branch,5,5
CMP_0001812,CUST_07676,2022-03-30,Fees,Phone,7,5
CMP_0001814,CUST_02419,2022-02-23,Fees,Phone,7,4
CMP_0001823,CUST_06997,2022-02-21,KYC,Digital,8,4
CMP_0001824,CUST_08680,2022-04-02,Fees,Digital,55,1
CMP_0001825,CUST_09989,2024-03-26,Fraud,Digital,2,4
CMP_0001830,CUST_06160,2025-03-18,Fees,Phone,5,2
CMP_0001834,CUST_03120,2022-07-30,Fees,Digital,11,5
CMP_0001835,CUST_07012,2023-06-01,Service,Phone,6,3
CMP_0001838,CUST_05948,2023-03-01,Service,Branch,7,4
CMP_0001846,CUST_00944,2023-09-08,Service,Phone,4,5
CMP_0001847,CUST_04896,2023-01-23,KYC,Phone,15,4
CMP_0001853,CUST_00009,2024-01-28,Fees,Branch,2,3
CMP_0001856,CUST_02448,2025-10-21,Service,Digital,6,5
CMP_0001857,CUST_03181,2022-06-08,Fraud,Digital,2,4
CMP_0001858,CUST_07573,2022-05-27,Service,Branch,11,3
CMP_0001860,CUST_00414,2022-02-27,KYC,Phone,2,4
CMP_0001863,CUST_04756,2023-06-12,Fees,Digital,8,3
CMP_0001866,CUST_09344,2022-07-19,Fraud,Digital,9,4
CMP_0001867,CUST_01655,2023-03-10,Service,Branch,4,5
CMP_0001870,CUST_07099,2023-08-22,Fees,Digital,2,5
CMP_0001871,CUST_00045,2022-01-26,Fees,Phone,5,4
CMP_0001872,CUST_05197,2024-11-12,Service,Digital,2,4
CMP_0001874,CUST_04189,2023-04-06,Service,Branch,3,3
CMP_0001877,CUST_03134,2024-07-27,Service,Branch,5,2
CMP_0001879,CUST_07163,2022-03-24,Service,Digital,1,2
CMP_0001882,CUST_08568,2024-02-03,Fees,Branch,12,5
CMP_0001884,CUST_06477,2022-01-12,Service,Branch,2,3
CMP_0001889,CUST_05574,2022-12-05,KYC,Phone,2,3
CMP_0001891,CUST_09874,2023-07-14,Service,Digital,8,5
CMP_0001900,CUST_07282,2022-07-26,Fees,Digital,3,4
CMP_0001903,CUST_08346,2022-06-04,Service,Digital,3,5
CMP_0001905,CUST_07556,2023-10-12,Service,Phone,5,4
CMP_0001906,CUST_04986,2025-07-22,Fees,Digital,3,3
CMP_0001907,CUST_09969,2024-12-12,Service,Digital,3,2
CMP_0001909,CUST_01443,2023-11-20,KYC,Phone,3,3
CMP_0001911,CUST_01647,2023-04-04,Service,Branch,1,3
CMP_0001913,CUST_08820,2023-02-26,Fees,Phone,2,5
CMP_0001917,CUST_04506,2026-03-19,Fees,Digital,8,5
CMP_0001918,CUST_03710,2023-05-25,Fees,Digital,2,5
CMP_0001924,CUST_03464,2025-06-05,Fees,Phone,6,5
CMP_0001925,CUST_05730,2026-04-24,Service,Branch,5,5
CMP_0001927,CUST_00579,2022-10-12,Fees,Branch,2,3
CMP_0001929,CUST_04742,2022-02-13,Fees,Phone,19,4
CMP_0001930,CUST_00069,2022-12-30,Fees,Branch,5,5
CMP_0001931,CUST_09659,2023-09-15,Service,Phone,6,2
CMP_0001933,CUST_04380,2024-03-10,Service,Branch,5,3
CMP_0001934,CUST_00562,2022-05-31,Fees,Branch,5,4
CMP_0001937,CUST_01600,2023-04-29,Service,Digital,4,4
CMP_0001947,CUST_08420,2023-07-29,Fraud,Phone,2,4
CMP_0001950,CUST_07742,2022-07-10,Fees,Phone,4,4
CMP_0001952,CUST_09289,2023-11-14,Fees,Branch,20,3
CMP_0001954,CUST_04463,2022-05-25,Fraud,Branch,2,5
CMP_0001955,CUST_04995,2022-07-20,Service,Branch,10,5
CMP_0001958,CUST_09193,2023-02-13,Fees,Phone,2,3
CMP_0001961,CUST_03231,2025-03-17,KYC,Phone,11,3
CMP_0001963,CUST_04792,2023-02-28,Fees,Phone,8,5
CMP_0001964,CUST_09074,2023-06-29,Fees,Digital,3,3
CMP_0001965,CUST_09135,2025-04-09,Service,Phone,4,3
CMP_0001968,CUST_00521,2024-02-11,Service,Phone,10,5
CMP_0001970,CUST_00114,2023-11-20,Fees,Phone,14,2
CMP_0001971,CUST_05920,2023-10-24,Service,Digital,9,5
CMP_0001973,CUST_08885,2024-04-24,Fees,Phone,15,4
CMP_0001976,CUST_02352,2024-02-18,Fees,Branch,5,3
CMP_0001977,CUST_04527,2024-07-08,Service,Phone,1,5
CMP_0001979,CUST_03527,2024-08-18,Service,Digital,2,5
CMP_0001984,CUST_06531,2022-11-21,Fees,Digital,1,4
CMP_0001987,CUST_06339,2023-04-25,Fees,Digital,5,2
CMP_0001990,CUST_10121,2024-06-27,Fees,Phone,1,4
CMP_0001996,CUST_05534,2022-08-15,Fees,Branch,4,5
CMP_0001997,CUST_07419,2022-11-20,Fees,Digital,17,5
CMP_0002003,CUST_08586,2023-03-22,Fees,Digital,6,3
CMP_0002005,CUST_00083,2022-09-18,Fees,Digital,3,5
CMP_0002006,CUST_04376,2024-04-21,Service,Branch,1,4
CMP_0002007,CUST_03367,2024-11-13,Fees,Phone,4,3
CMP_0002009,CUST_00339,2022-09-22,Service,Phone,13,3
CMP_0002011,CUST_06281,2024-10-06,Service,Branch,9,4
CMP_0002012,CUST_08557,2022-06-28,Fees,Branch,7,3
CMP_0002013,CUST_09239,2023-06-27,Fraud,Digital,9,4
CMP_0002016,CUST_06496,2023-03-10,Service,Phone,2,5
CMP_0002017,CUST_06374,2023-08-10,KYC,Phone,10,5
CMP_0002019,CUST_07817,2023-08-11,Fees,Phone,11,4
CMP_0002025,CUST_08461,2025-03-07,Service,Digital,6,4
CMP_0002026,CUST_02704,2022-08-21,KYC,Branch,6,3
CMP_0002032,CUST_09497,2022-05-06,Service,Branch,10,3
CMP_0002034,CUST_05871,2024-05-02,Fees,Branch,8,5
CMP_0002036,CUST_09450,2022-10-25,Fees,Digital,1,2
CMP_0002039,CUST_08576,2023-03-14,Fraud,Phone,12,2
CMP_0002041,CUST_07097,2024-08-06,KYC,Phone,13,3
CMP_0002042,CUST_08137,2022-11-24,Fees,Phone,7,5
CMP_0002044,CUST_04632,2023-01-01,Service,Branch,2,3
CMP_0002045,CUST_01198,2022-10-11,Service,Branch,1,4
CMP_0002047,CUST_07676,2022-01-03,Fees,Digital,11,3
CMP_0002048,CUST_00759,2024-07-14,Fees,Branch,40,2
CMP_0002051,CUST_05511,2022-12-29,Service,Branch,13,4
CMP_0002054,CUST_06358,2023-03-15,Service,Branch,2,5
CMP_0002057,CUST_07010,2023-04-11,Fees,Digital,1,2
CMP_0002059,CUST_05346,2022-10-04,Fees,Phone,9,3
CMP_0002061,CUST_02495,2022-08-01,KYC,Phone,4,5
CMP_0002062,CUST_05698,2022-10-27,Fraud,Branch,3,2
CMP_0002066,CUST_06719,2023-08-14,Service,Branch,10,5
CMP_0002070,CUST_01458,2023-09-03,Fees,Branch,9,5
CMP_0002076,CUST_07378,2023-05-12,KYC,Phone,8,3
CMP_0002077,CUST_06712,2025-03-26,Fees,Branch,8,5
CMP_0002079,CUST_00117,2022-06-28,Service,Phone,6,4
CMP_0002080,CUST_02119,2025-05-31,Fraud,Digital,11,3
CMP_0002083,CUST_02625,2024-08-04,Fees,Phone,12,5
CMP_0002084,CUST_09757,2024-05-29,Service,Phone,2,1
CMP_0002085,CUST_04614,2024-04-10,Fees,Branch,1,4
CMP_0002088,CUST_00530,2024-02-23,KYC,Digital,15,4
CMP_0002091,CUST_03472,2022-10-31,KYC,Digital,6,5
CMP_0002093,CUST_04507,2023-01-03,Service,Digital,9,2
CMP_0002096,CUST_00984,2025-01-20,Service,Digital,13,3
CMP_0002097,CUST_04549,2022-01-04,Service,Phone,11,2
CMP_0002098,CUST_08348,2024-04-04,Fees,Digital,8,5
CMP_0002099,CUST_05360,2023-03-24,KYC,Digital,2,5
CMP_0002100,CUST_04210,2022-03-11,KYC,Branch,1,4
CMP_0002101,CUST_03197,2022-06-15,Fees,Phone,10,3
CMP_0002103,CUST_00038,2022-12-16,Fees,Branch,15,4
CMP_0002106,CUST_03221,2025-05-11,Fraud,Branch,2,5
CMP_0002107,CUST_09064,2026-01-22,Service,Phone,2,5
CMP_0002108,CUST_09775,2024-03-27,Fees,Digital,30,2
CMP_0002116,CUST_03048,2022-09-17,Service,Branch,68,3
CMP_0002119,CUST_07851,2024-04-24,Fees,Digital,6,1
CMP_0002124,CUST_01464,2022-12-30,Service,Phone,6,3
CMP_0002126,CUST_06070,2023-08-08,Fees,Phone,7,5
CMP_0002127,CUST_07880,2022-02-15,Fees,Branch,5,4
CMP_0002135,CUST_07664,2023-10-10,Service,Branch,9,3
CMP_0002137,CUST_02660,2022-02-01,Fees,Branch,8,5
CMP_0002138,CUST_08482,2022-03-08,Fraud,Digital,15,4
CMP_0002139,CUST_02527,2023-01-02,Fees,Digital,6,4
CMP_0002140,CUST_09913,2024-08-20,Service,Branch,5,5
CMP_0002143,CUST_09567,2024-04-27,Service,Digital,7,3
CMP_0002145,CUST_05171,2023-06-21,Service,Branch,5,3
CMP_0002146,CUST_02125,2023-07-31,Fraud,Digital,9,5
CMP_0002147,CUST_07077,2025-07-27,KYC,Digital,6,3
CMP_0002154,CUST_07247,2022-11-05,Service,Phone,11,5
CMP_0002156,CUST_03478,2023-07-31,Service,Phone,4,4
CMP_0002157,CUST_08810,2022-05-11,Fees,Digital,1,2
CMP_0002158,CUST_07039,2024-04-13,Fees,Phone,4,5
CMP_0002160,CUST_00419,2022-06-09,Service,Branch,1,5
CMP_0002163,CUST_02435,2023-06-18,Fees,Digital,3,5
CMP_0002164,CUST_04780,2024-06-27,Service,Digital,1,5
CMP_0002165,CUST_03726,2022-11-21,Service,Branch,9,5
CMP_0002166,CUST_02814,2024-11-01,Fraud,Branch,7,2
CMP_0002167,CUST_08614,2022-08-13,Service,Digital,5,4
CMP_0002171,CUST_01222,2022-12-05,Fees,Phone,11,2
CMP_0002176,CUST_02347,2024-06-20,Fees,Phone,6,4
CMP_0002177,CUST_05329,2022-02-20,Fees,Phone,9,3
CMP_0002178,CUST_04992,2022-01-08,KYC,Phone,2,4
CMP_0002179,CUST_06861,2022-06-19,Service,Phone,10,4
CMP_0002180,CUST_01688,2023-04-06,Fees,Digital,6,4
CMP_0002182,CUST_02747,2022-10-09,KYC,Phone,2,4
CMP_0002186,CUST_08826,2024-06-21,Service,Branch,15,4
CMP_0002188,CUST_00526,2024-11-04,Fees,Branch,5,2
CMP_0002189,CUST_08310,2025-05-09,Service,Phone,2,5
CMP_0002191,CUST_02508,2022-04-01,KYC,Digital,6,3
CMP_0002193,CUST_00456,2025-02-01,Service,Phone,3,1
CMP_0002194,CUST_07776,2024-01-09,Fees,Digital,5,3
CMP_0002195,CUST_09461,2024-09-04,Fees,Digital,10,4
CMP_0002197,CUST_05590,2022-12-15,Fees,Digital,7,4
CMP_0002202,CUST_10097,2022-10-18,Service,Branch,6,3
CMP_0002206,CUST_07356,2023-04-17,KYC,Phone,11,3
CMP_0002207,CUST_09378,2024-08-26,Fees,Branch,9,4
CMP_0002211,CUST_05411,2024-09-17,KYC,Branch,6,5
CMP_0002212,CUST_02202,2022-12-22,Service,Digital,4,4
CMP_0002214,CUST_02135,2022-07-07,KYC,Phone,1,3
CMP_0002219,CUST_04739,2025-08-14,KYC,Phone,8,5
CMP_0002220,CUST_04830,2023-10-01,Service,Digital,11,2
CMP_0002222,CUST_08915,2025-07-04,Fees,Digital,5,5
CMP_0002223,CUST_08849,2022-06-05,KYC,Phone,2,5
CMP_0002226,CUST_05201,2022-05-19,KYC,Branch,2,3
CMP_0002228,CUST_00908,2024-05-02,Fees,Digital,5,4
CMP_0002229,CUST_10053,2023-08-18,Fees,Phone,14,3
CMP_0002231,CUST_00738,2023-05-04,Service,Branch,8,3
CMP_0002233,CUST_04653,2023-06-27,Service,Digital,3,3
CMP_0002234,CUST_06363,2026-02-16,Fees,Phone,6,5
CMP_0002239,CUST_04524,2023-03-02,Service,Digital,2,1
CMP_0002240,CUST_03746,2023-09-15,Service,Phone,4,4
CMP_0002255,CUST_08194,2024-11-26,Service,Phone,3,5
CMP_0002257,CUST_01766,2023-08-09,Service,Digital,6,3
CMP_0002259,CUST_05692,2023-06-19,Fees,Phone,9,3
CMP_0002264,CUST_09973,2023-12-15,Fraud,Digital,4,5
CMP_0002266,CUST_03387,2024-06-25,Service,Branch,14,4
CMP_0002267,CUST_10091,2024-06-09,Service,Phone,1,3
CMP_0002276,CUST_01694,2022-06-12,Fees,Digital,5,4
CMP_0002283,CUST_05669,2023-12-24,Service,Branch,4,5
CMP_0002284,CUST_07620,2023-08-26,Fees,Phone,5,5
CMP_0002286,CUST_03855,2024-07-21,Fees,Digital,1,4
CMP_0002287,CUST_08477,2024-10-11,Service,Branch,5,1
CMP_0002288,CUST_02910,2025-03-23,Service,Phone,33,4
CMP_0002293,CUST_00047,2022-06-04,Service,Phone,1,5
CMP_0002295,CUST_08918,2024-02-02,Service,Digital,3,5
CMP_0002296,CUST_01849,2024-10-23,Service,Digital,2,4
CMP_0002299,CUST_01190,2025-02-21,KYC,Phone,2,3
CMP_0002303,CUST_10096,2025-10-27,KYC,Digital,11,5
CMP_0002304,CUST_03243,2023-12-08,Fraud,Branch,1,4
CMP_0002305,CUST_03808,2025-07-16,Service,Phone,6,5
CMP_0002308,CUST_09545,2025-08-01,KYC,Phone,3,3
CMP_0002309,CUST_02575,2024-06-01,Service,Digital,8,3
CMP_0002311,CUST_00279,2023-04-22,Service,Branch,9,1
CMP_0002312,CUST_05742,2022-06-29,Service,Branch,8,3
CMP_0002314,CUST_01320,2023-08-20,KYC,Branch,2,4
CMP_0002316,CUST_05416,2023-10-06,Service,Digital,8,3
CMP_0002318,CUST_05157,2022-10-31,Fees,Digital,5,5
CMP_0002319,CUST_04922,2023-03-13,Fees,Branch,4,1
CMP_0002320,CUST_01315,2022-03-10,Service,Digital,13,5
CMP_0002321,CUST_03387,2024-03-19,Fees,Phone,3,5
CMP_0002323,CUST_05286,2023-06-18,Fees,Digital,2,1
CMP_0002324,CUST_09185,2023-12-29,Service,Branch,6,4
CMP_0002325,CUST_07507,2022-03-05,Service,Phone,4,1
CMP_0002327,CUST_07940,2022-01-01,KYC,Phone,6,2
CMP_0002328,CUST_07547,2022-04-07,Service,Digital,6,4
CMP_0002331,CUST_05435,2024-02-12,Fees,Digital,38,3
CMP_0002333,CUST_06281,2025-04-15,Fees,Phone,2,3
CMP_0002334,CUST_06188,2023-06-14,Service,Digital,2,4
CMP_0002335,CUST_09825,2025-05-22,Fraud,Digital,2,4
CMP_0002339,CUST_05152,2022-10-13,Service,Branch,2,4
CMP_0002341,CUST_05445,2022-11-05,Fees,Phone,1,5
CMP_0002343,CUST_07117,2025-06-05,Fees,Branch,5,4
CMP_0002344,CUST_05681,2023-01-02,Fees,Phone,2,3
CMP_0002347,CUST_03601,2025-03-18,Fees,Branch,4,4
CMP_0002350,CUST_00601,2023-09-06,Fees,Phone,1,4
CMP_0002353,CUST_01981,2022-08-20,Service,Branch,2,4
CMP_0002357,CUST_08549,2025-04-08,KYC,Phone,2,3
CMP_0002360,CUST_01263,2023-02-16,Service,Branch,4,5
CMP_0002362,CUST_05546,2024-08-30,KYC,Branch,10,5
CMP_0002368,CUST_01207,2023-06-01,KYC,Branch,6,5
CMP_0002371,CUST_02287,2023-07-20,KYC,Phone,14,5
CMP_0002372,CUST_06422,2024-08-16,Service,Digital,1,4
CMP_0002374,CUST_01284,2022-04-15,KYC,Phone,2,4
CMP_0002375,CUST_06929,2022-01-11,Service,Branch,8,5
CMP_0002377,CUST_03485,2022-10-14,Service,Branch,12,4
CMP_0002379,CUST_01285,2022-08-13,Fees,Phone,4,3
CMP_0002380,CUST_01205,2023-05-17,KYC,Branch,11,5
CMP_0002381,CUST_00775,2024-03-24,Service,Digital,7,5
CMP_0002382,CUST_02386,2022-05-19,Fraud,Branch,2,4
CMP_0002385,CUST_02672,2025-10-24,Service,Phone,7,2
CMP_0002386,CUST_07586,2022-05-09,Service,Digital,10,4
CMP_0002387,CUST_06996,2024-07-10,Fees,Branch,2,3
CMP_0002388,CUST_09756,2022-08-18,KYC,Branch,1,3
CMP_0002389,CUST_06000,2022-11-05,KYC,Phone,9,3
CMP_0002390,CUST_06256,2022-01-13,Service,Branch,9,3
CMP_0002392,CUST_07874,2022-11-12,KYC,Branch,18,5
CMP_0002399,CUST_05478,2023-11-07,Fees,Digital,1,5
CMP_0002402,CUST_08760,2022-08-04,KYC,Branch,62,4
CMP_0002403,CUST_04531,2023-03-03,Fraud,Digital,11,4
CMP_0002404,CUST_06440,2022-11-28,Service,Phone,11,4
CMP_0002408,CUST_06061,2022-07-04,KYC,Branch,6,1
CMP_0002410,CUST_08505,2022-02-24,Service,Phone,3,4
CMP_0002411,CUST_01511,2023-06-26,Service,Digital,9,3
CMP_0002413,CUST_00111,2022-11-14,Fraud,Phone,4,3
CMP_0002417,CUST_09067,2024-05-01,Service,Phone,4,5
CMP_0002419,CUST_08226,2023-06-20,Fees,Branch,9,5
CMP_0002423,CUST_07065,2022-11-07,Fraud,Branch,8,3
CMP_0002424,CUST_06983,2022-01-12,Fees,Phone,3,3
