Log_ID,Customer_ID,Login_Date,App_Page,Session_Duration_Min,Feature_Used
LOG_00000004,CUST_05446,2025-06-23,Payments,29.6,Fund Transfer
LOG_00000007,CUST_03264,2023-07-07,Accounts,4.7,Fund Transfer
LOG_00000011,CUST_05196,2024-05-15,Accounts,16.3,Fund Transfer
LOG_00000014,CUST_06681,2024-10-03,Home,5.6,Bill Payment
LOG_00000016,CUST_03095,2024-03-23,Home,12.6,Bill Payment
LOG_00000017,CUST_07745,2024-01-10,Payments,4.8,Login
LOG_00000021,CUST_06394,2023-01-07,Profile,21.1,Fund Transfer
LOG_00000022,CUST_05061,2025-04-21,Transfers,8.1,KYC Upload
LOG_00000024,CUST_00801,2023-07-08,KYC,14.3,Profile
LOG_00000030,CUST_02800,2025-08-22,Payments,14.2,Profile
LOG_00000033,CUST_04456,2023-08-15,Home,12.2,Card Management
LOG_00000034,CUST_02618,2023-01-24,Accounts,6.3,Bill Payment
LOG_00000036,CUST_03145,2023-07-22,Accounts,5.7,Card Management
LOG_00000039,CUST_01500,2023-06-07,KYC,4.1,Card Management
LOG_00000040,CUST_02057,2025-01-28,Payments,4.3,KYC Upload
LOG_00000043,CUST_04199,2023-04-11,Cards,3.2,Login
LOG_00000045,CUST_00133,2023-08-17,Home,5.3,Balance Inquiry
LOG_00000048,CUST_06413,2023-12-05,Payments,5.7,Balance Inquiry
LOG_00000049,CUST_04997,2026-01-18,Payments,7.1,Fund Transfer
LOG_00000055,CUST_01193,2024-02-22,KYC,3.6,Balance Inquiry
LOG_00000056,CUST_08496,2024-09-06,Payments,6.1,Profile
LOG_00000061,CUST_10195,2023-01-25,Loans,4.4,Profile
LOG_00000069,CUST_07367,2024-06-03,Accounts,5.4,Card Management
LOG_00000075,CUST_06741,2023-06-22,Profile,3.2,Card Management
LOG_00000079,CUST_02901,2023-05-03,Cards,13.6,Balance Inquiry
LOG_00000081,CUST_03235,2026-05-30,Loans,1.8,Profile
LOG_00000083,CUST_03058,2023-05-02,Transfers,5.1,Fund Transfer
LOG_00000090,CUST_10190,2023-03-01,Payments,9.8,Balance Inquiry
LOG_00000091,CUST_05627,2024-10-21,Loans,4.3,KYC Upload
LOG_00000092,CUST_06283,2025-08-12,Home,14.4,Fund Transfer
LOG_00000099,CUST_07168,2025-01-26,Home,9.6,Balance Inquiry
LOG_00000100,CUST_05680,2023-06-25,Profile,11.9,Fund Transfer
LOG_00000101,CUST_03489,2023-09-19,Transfers,5.6,Fund Transfer
LOG_00000102,CUST_07553,2024-12-21,KYC,33.0,Bill Payment
LOG_00000103,CUST_03401,2023-12-13,Cards,5.1,Profile
LOG_00000104,CUST_07426,2023-12-17,Accounts,10.8,Profile
LOG_00000107,CUST_03102,2024-11-03,Transfers,4.4,Profile
LOG_00000108,CUST_01105,2025-04-01,Profile,13.7,Balance Inquiry
LOG_00000110,CUST_06677,2023-03-19,KYC,8.7,Profile
LOG_00000111,CUST_00488,2025-07-18,Transfers,8.3,Fund Transfer
LOG_00000112,CUST_04029,2023-08-08,Loans,11.3,Card Management
LOG_00000116,CUST_05518,2024-06-19,Transfers,16.5,Balance Inquiry
LOG_00000117,CUST_01826,2025-10-11,Cards,27.3,Fund Transfer
LOG_00000118,CUST_06570,2023-11-14,Loans,3.4,KYC Upload
LOG_00000119,CUST_00724,2023-10-04,Home,4.3,Fund Transfer
LOG_00000121,CUST_04878,2023-04-26,Home,22.0,Profile
LOG_00000124,CUST_09759,2023-09-04,Home,2.0,KYC Upload
LOG_00000125,CUST_06079,2023-08-13,Loans,3.7,Bill Payment
LOG_00000127,CUST_09440,2025-05-25,Loans,3.6,Login
LOG_00000133,CUST_03621,2025-04-24,Payments,1.5,
LOG_00000139,CUST_09259,2024-02-04,KYC,4.2,KYC Upload
LOG_00000142,CUST_05301,2025-04-24,Cards,7.8,Profile
LOG_00000145,CUST_06696,2025-11-01,Loans,9.8,Card Management
LOG_00000146,CUST_07202,2024-06-16,Payments,14.5,Profile
LOG_00000147,CUST_00678,2023-09-19,Cards,6.1,Login
LOG_00000148,CUST_07258,2025-03-26,KYC,6.3,KYC Upload
LOG_00000164,CUST_09514,2024-02-25,Profile,4.1,Balance Inquiry
LOG_00000165,CUST_02217,2023-07-11,Cards,3.5,Login
LOG_00000168,CUST_01994,2024-05-30,Home,13.2,Balance Inquiry
LOG_00000173,CUST_05568,2024-10-20,Payments,1.2,Card Management
LOG_00000175,CUST_03861,2024-07-14,Accounts,1.4,Card Management
LOG_00000186,CUST_01046,2023-04-08,Loans,1.1,Fund Transfer
LOG_00000187,CUST_02110,2023-02-11,Accounts,12.2,Profile
LOG_00000190,CUST_05447,2023-01-01,Profile,14.2,Bill Payment
LOG_00000191,CUST_05375,2026-01-30,Home,11.3,Login
LOG_00000194,CUST_07517,2025-12-08,Accounts,6.9,Fund Transfer
LOG_00000197,CUST_05419,2023-06-19,Loans,8.8,Bill Payment
LOG_00000203,CUST_07619,2024-06-18,Loans,7.8,KYC Upload
LOG_00000207,CUST_06623,2024-12-10,Loans,10.5,KYC Upload
LOG_00000209,CUST_05680,2023-10-29,Cards,5.5,Login
LOG_00000210,CUST_07230,2024-04-14,Payments,10.7,Balance Inquiry
LOG_00000215,CUST_00979,2025-03-08,Cards,1.6,Balance Inquiry
LOG_00000217,CUST_01639,2024-05-26,Cards,10.6,Bill Payment
LOG_00000221,CUST_03550,2023-01-21,Profile,8.0,Profile
LOG_00000224,CUST_10089,2024-06-16,Payments,6.4,Profile
LOG_00000227,CUST_10177,2023-01-25,Profile,8.8,Balance Inquiry
LOG_00000228,CUST_07739,2024-06-01,KYC,2.5,
LOG_00000233,CUST_01994,2024-11-21,Profile,6.9,Login
LOG_00000235,CUST_02268,2023-02-21,Loans,10.8,Login
LOG_00000237,CUST_02676,2023-11-24,Loans,9.3,Login
LOG_00000241,CUST_07110,2024-08-19,Loans,9.3,KYC Upload
LOG_00000242,CUST_00675,2023-05-20,Loans,1.8,Login
LOG_00000243,CUST_02788,2023-11-27,Payments,5.9,Balance Inquiry
LOG_00000244,CUST_01808,2025-12-14,Transfers,17.4,Fund Transfer
LOG_00000247,CUST_08111,2023-05-08,Home,8.9,Login
LOG_00000248,CUST_05042,2025-08-28,Loans,7.5,Login
LOG_00000251,CUST_09303,2025-01-21,Accounts,7.7,Balance Inquiry
LOG_00000252,CUST_08786,2024-09-04,Profile,10.8,Profile
LOG_00000257,CUST_07840,2023-08-07,Payments,3.5,Card Management
LOG_00000259,CUST_06301,2024-01-21,Transfers,9.0,Balance Inquiry
LOG_00000261,CUST_09823,2024-01-20,Accounts,7.6,Balance Inquiry
LOG_00000265,CUST_02847,2023-02-20,Accounts,3.6,Bill Payment
LOG_00000268,CUST_01758,2023-03-18,Payments,5.3,Fund Transfer
LOG_00000269,CUST_02254,2023-01-27,Accounts,11.8,Balance Inquiry
LOG_00000270,CUST_01109,2023-12-29,KYC,7.0,Bill Payment
LOG_00000273,CUST_08055,2025-02-09,Cards,8.6,Balance Inquiry
LOG_00000274,CUST_07909,2023-09-01,Home,1.9,Bill Payment
LOG_00000275,CUST_00273,2023-06-06,Loans,6.9,Card Management
LOG_00000279,CUST_05157,2023-06-09,Payments,20.3,Fund Transfer
LOG_00000290,CUST_08033,2026-03-21,Home,16.2,Card Management
LOG_00000291,CUST_06955,2025-04-30,Transfers,5.2,Card Management
LOG_00000298,CUST_04174,2024-04-13,Accounts,6.2,Card Management
LOG_00000299,CUST_01053,2025-05-23,Accounts,4.3,Login
LOG_00000300,CUST_06991,2024-10-15,Payments,15.0,Card Management
LOG_00000301,CUST_08037,2023-06-26,Loans,10.3,Login
LOG_00000302,CUST_03065,2024-03-01,Loans,16.4,Fund Transfer
LOG_00000304,CUST_00986,2023-02-03,Transfers,15.3,Profile
LOG_00000306,CUST_09278,2024-07-28,Cards,3.9,Fund Transfer
LOG_00000310,CUST_03715,2023-08-19,KYC,8.8,Bill Payment
LOG_00000316,CUST_01270,2024-04-22,Payments,2.8,Card Management
LOG_00000327,CUST_09908,2023-10-25,Profile,12.0,KYC Upload
LOG_00000334,CUST_01027,2023-09-18,Home,10.7,KYC Upload
LOG_00000335,CUST_05616,2023-09-29,Loans,6.7,KYC Upload
LOG_00000342,CUST_05405,2023-07-26,KYC,9.2,Bill Payment
LOG_00000345,CUST_00645,2023-12-27,Loans,2.5,Profile
LOG_00000353,CUST_00811,2023-11-08,Transfers,9.8,Fund Transfer
LOG_00000354,CUST_03061,2023-05-14,KYC,9.4,KYC Upload
LOG_00000357,CUST_02609,2023-08-30,Accounts,11.1,Bill Payment
LOG_00000358,CUST_05687,2026-01-30,Payments,9.8,Login
LOG_00000360,CUST_00558,2023-06-20,KYC,11.5,Login
LOG_00000363,CUST_04319,2023-12-03,Accounts,10.0,Card Management
LOG_00000367,CUST_04241,2023-05-29,Profile,9.1,KYC Upload
LOG_00000370,CUST_02621,2024-03-07,KYC,6.6,Bill Payment
LOG_00000371,CUST_09706,2024-04-20,Cards,22.2,Login
LOG_00000372,CUST_08433,2023-06-17,Cards,9.7,Balance Inquiry
LOG_00000384,CUST_07581,2024-11-27,Payments,8.0,Fund Transfer
LOG_00000388,CUST_09647,2023-02-18,Home,8.8,Login
LOG_00000389,CUST_05112,2023-09-24,Payments,17.7,Fund Transfer
LOG_00000392,CUST_01262,2024-02-04,Accounts,13.1,Card Management
LOG_00000393,CUST_06859,2023-12-09,Transfers,8.7,Card Management
LOG_00000398,CUST_02075,2024-03-19,KYC,2.3,Fund Transfer
LOG_00000400,CUST_03735,2024-04-15,Cards,7.3,Bill Payment
LOG_00000401,CUST_00821,2024-02-16,Profile,32.6,Card Management
LOG_00000406,CUST_09721,2024-01-30,Payments,1.1,Balance Inquiry
LOG_00000410,CUST_03375,2023-04-01,Loans,7.3,Card Management
LOG_00000411,CUST_03303,2024-03-26,KYC,1.5,Card Management
LOG_00000413,CUST_03134,2025-04-23,Payments,33.0,Bill Payment
LOG_00000417,CUST_03404,2026-04-05,Cards,19.3,Fund Transfer
LOG_00000421,CUST_09162,2023-12-11,Transfers,8.6,KYC Upload
LOG_00000423,CUST_01712,2025-07-10,Home,8.6,Login
LOG_00000432,CUST_09480,2024-10-29,Home,3.8,Card Management
LOG_00000435,CUST_06110,2023-03-17,Accounts,6.1,Profile
LOG_00000437,CUST_02540,2024-02-21,Accounts,2.3,Fund Transfer
LOG_00000444,CUST_09688,2023-12-16,KYC,18.4,KYC Upload
LOG_00000450,CUST_02414,2023-03-27,Loans,15.9,Card Management
LOG_00000454,CUST_06639,2023-12-23,Payments,5.7,Profile
LOG_00000456,CUST_02006,2024-07-05,Home,11.4,Bill Payment
LOG_00000457,CUST_05503,2024-12-30,KYC,8.3,Card Management
LOG_00000458,CUST_05305,2023-03-04,Profile,11.9,Profile
LOG_00000459,CUST_02606,2024-06-08,Home,6.5,Balance Inquiry
LOG_00000462,CUST_09230,2025-05-06,Profile,6.1,Bill Payment
LOG_00000467,CUST_00629,2023-05-14,Home,19.0,KYC Upload
LOG_00000473,CUST_03870,2025-09-10,Cards,5.4,Bill Payment
LOG_00000476,CUST_04896,2024-05-25,Payments,1.0,Card Management
LOG_00000478,CUST_06011,2023-01-24,Accounts,15.0,Card Management
LOG_00000487,CUST_07831,2023-01-31,KYC,10.7,Fund Transfer
LOG_00000488,CUST_06933,2024-06-24,Transfers,5.4,Profile
LOG_00000491,CUST_03932,2023-12-10,Loans,14.1,Profile
LOG_00000493,CUST_04292,2024-01-28,KYC,11.8,Profile
LOG_00000495,CUST_04455,2023-10-20,Transfers,3.4,Login
LOG_00000498,CUST_04104,2023-02-23,Cards,3.6,
LOG_00000507,CUST_08489,2023-02-14,KYC,12.2,Profile
LOG_00000508,CUST_02943,2023-10-10,Transfers,9.1,Login
LOG_00000509,CUST_06563,2024-08-04,Loans,3.5,Profile
LOG_00000510,CUST_04983,2023-07-06,Transfers,10.3,KYC Upload
LOG_00000513,CUST_07910,2023-04-21,Transfers,6.0,Login
LOG_00000515,CUST_00789,2024-04-26,Home,1.2,Fund Transfer
LOG_00000517,CUST_07224,2023-09-28,Payments,10.3,Balance Inquiry
LOG_00000521,CUST_01495,2023-02-16,Loans,19.3,Profile
LOG_00000522,CUST_09698,2023-03-30,Transfers,5.1,Bill Payment
LOG_00000524,CUST_06031,2024-09-27,Profile,17.7,Login
LOG_00000525,CUST_10152,2024-07-09,KYC,32.6,Fund Transfer
LOG_00000526,CUST_03099,2023-07-26,Transfers,10.5,Card Management
LOG_00000533,CUST_01103,2023-04-15,Profile,6.2,Balance Inquiry
LOG_00000534,CUST_05744,2025-05-19,Home,12.6,Balance Inquiry
LOG_00000535,CUST_02872,2023-06-07,Cards,11.5,Bill Payment
LOG_00000536,CUST_09578,2023-08-25,Transfers,2.2,KYC Upload
LOG_00000539,CUST_07185,2025-06-24,Loans,4.6,Card Management
LOG_00000541,CUST_00557,2023-02-02,Accounts,10.2,KYC Upload
LOG_00000542,CUST_08687,2023-02-06,Transfers,16.4,KYC Upload
LOG_00000543,CUST_02774,2025-12-26,Loans,13.8,Login
LOG_00000545,CUST_09781,2023-02-01,Home,5.3,KYC Upload
LOG_00000550,CUST_06548,2024-07-26,KYC,11.7,Balance Inquiry
LOG_00000561,CUST_08180,2023-02-19,Accounts,5.0,KYC Upload
LOG_00000566,CUST_03987,2026-04-17,Home,3.3,KYC Upload
LOG_00000571,CUST_02740,2024-03-31,Cards,2.9,Login
LOG_00000572,CUST_06035,2023-02-18,KYC,8.6,Login
LOG_00000573,CUST_00863,2023-12-12,Payments,10.8,Bill Payment
LOG_00000574,CUST_08817,2023-01-21,Accounts,15.6,Balance Inquiry
LOG_00000585,CUST_01591,2023-02-08,Cards,22.7,Bill Payment
LOG_00000592,CUST_06655,2025-12-27,Transfers,12.0,Fund Transfer
LOG_00000595,CUST_02184,2025-05-15,Profile,14.0,Bill Payment
LOG_00000598,CUST_05824,2023-10-11,Transfers,11.0,Fund Transfer
LOG_00000602,CUST_05613,2024-08-05,Profile,12.5,Login
LOG_00000603,CUST_09658,2023-04-18,Transfers,5.2,Card Management
LOG_00000604,CUST_03593,2024-06-06,Accounts,8.7,Profile
LOG_00000606,CUST_00562,2023-10-02,Transfers,1.9,Login
LOG_00000612,CUST_05064,2024-02-15,Cards,8.8,Card Management
LOG_00000614,CUST_07821,2023-05-14,Loans,9.3,Login
LOG_00000615,CUST_02011,2023-06-01,Accounts,1.0,Card Management
LOG_00000616,CUST_03869,2025-07-07,KYC,13.2,Balance Inquiry
LOG_00000623,CUST_09677,2023-04-21,Transfers,7.5,Balance Inquiry
LOG_00000629,CUST_00016,2023-01-06,KYC,3.4,Bill Payment
LOG_00000632,CUST_07986,2023-04-29,Payments,20.4,KYC Upload
LOG_00000633,CUST_06560,2023-08-03,Payments,4.2,Fund Transfer
LOG_00000636,CUST_01094,2024-10-03,Transfers,5.0,Fund Transfer
LOG_00000638,CUST_01988,2023-05-19,Accounts,6.2,Card Management
LOG_00000641,CUST_00035,2024-11-25,Accounts,10.6,Bill Payment
LOG_00000642,CUST_08974,2023-08-18,Profile,9.5,Card Management
LOG_00000643,CUST_00908,2024-11-20,KYC,4.9,KYC Upload
LOG_00000650,CUST_02844,2024-01-10,Payments,11.5,Card Management
LOG_00000656,CUST_04129,2024-08-07,Payments,2.6,Card Management
LOG_00000659,CUST_05009,2024-08-30,Payments,12.1,KYC Upload
LOG_00000660,CUST_01788,2023-07-21,KYC,4.2,KYC Upload
LOG_00000662,CUST_08166,2023-02-23,Accounts,5.9,Fund Transfer
LOG_00000663,CUST_09772,2023-02-24,Payments,2.2,Card Management
LOG_00000664,CUST_06953,2024-07-27,Home,15.7,Balance Inquiry
LOG_00000665,CUST_09475,2023-05-09,Payments,2.7,Card Management
LOG_00000667,CUST_04481,2024-01-01,KYC,6.4,KYC Upload
LOG_00000670,CUST_01910,2023-10-31,KYC,7.0,KYC Upload
LOG_00000673,CUST_00678,2024-04-01,Cards,1.5,Balance Inquiry
LOG_00000674,CUST_05249,2023-03-23,Accounts,11.4,Bill Payment
LOG_00000680,CUST_07370,2023-01-20,Profile,8.3,Fund Transfer
LOG_00000682,CUST_06108,2023-10-29,Loans,5.9,Balance Inquiry
LOG_00000686,CUST_06786,2023-04-22,Accounts,16.9,Profile
LOG_00000688,CUST_04214,2025-03-25,Profile,16.5,Profile
LOG_00000689,CUST_01049,2023-10-18,Transfers,6.6,Balance Inquiry
LOG_00000691,CUST_02527,2024-09-28,Transfers,14.8,Profile
LOG_00000692,CUST_00874,2025-05-06,Loans,8.0,KYC Upload
LOG_00000698,CUST_09970,2023-11-22,Accounts,5.2,Fund Transfer
LOG_00000700,CUST_07799,2025-02-02,Cards,11.1,KYC Upload
LOG_00000703,CUST_03643,2024-04-08,Payments,11.7,KYC Upload
LOG_00000705,CUST_10034,2023-04-22,Home,8.3,Card Management
LOG_00000706,CUST_08176,2023-06-15,KYC,9.4,
LOG_00000713,CUST_02173,2025-02-12,Transfers,5.6,Profile
LOG_00000716,CUST_04507,2025-11-17,Loans,2.3,KYC Upload
LOG_00000717,CUST_06566,2023-09-29,Accounts,13.7,Login
LOG_00000719,CUST_01129,2023-09-18,KYC,11.7,Bill Payment
LOG_00000721,CUST_00178,2023-02-07,KYC,4.7,Card Management
LOG_00000724,CUST_03010,2024-07-25,Loans,32.9,Fund Transfer
LOG_00000726,CUST_01959,2024-11-07,Transfers,17.2,Profile
LOG_00000729,CUST_07839,2024-08-28,Profile,4.5,
LOG_00000730,CUST_01518,2024-04-17,Accounts,17.3,Fund Transfer
LOG_00000734,CUST_05137,2024-06-10,Cards,24.8,Card Management
LOG_00000743,CUST_06337,2023-02-17,KYC,3.8,Bill Payment
LOG_00000748,CUST_03240,2024-11-02,Profile,7.4,KYC Upload
LOG_00000749,CUST_04619,2023-10-08,Transfers,14.8,Balance Inquiry
LOG_00000750,CUST_10006,2023-11-10,Loans,4.6,Bill Payment
LOG_00000751,CUST_00825,2023-05-17,KYC,20.6,Card Management
LOG_00000755,CUST_00218,2023-11-15,Payments,16.5,Fund Transfer
LOG_00000757,CUST_09730,2023-03-23,Profile,4.5,Balance Inquiry
LOG_00000759,CUST_00178,2023-11-02,Transfers,10.8,Profile
LOG_00000760,CUST_02984,2025-05-06,KYC,8.1,Fund Transfer
LOG_00000761,CUST_08099,2023-12-26,Cards,11.6,Profile
LOG_00000762,CUST_09676,2024-11-07,Accounts,1.0,Bill Payment
LOG_00000767,CUST_08556,2023-04-19,Accounts,3.2,Profile
LOG_00000770,CUST_07925,2024-10-30,Home,3.5,Fund Transfer
LOG_00000771,CUST_00500,2024-09-15,Transfers,3.2,Balance Inquiry
LOG_00000776,CUST_00239,2023-10-26,Cards,5.6,KYC Upload
LOG_00000777,CUST_03156,2023-02-05,Profile,14.4,Balance Inquiry
LOG_00000780,CUST_06171,2023-09-21,Transfers,19.1,Card Management
LOG_00000782,CUST_04552,2025-01-16,Payments,7.8,
LOG_00000787,CUST_04469,2024-04-30,Payments,5.8,Login
LOG_00000788,CUST_00094,2023-10-12,Loans,13.8,Profile
LOG_00000790,CUST_07101,2024-04-15,Loans,2.0,Fund Transfer
LOG_00000792,CUST_04069,2025-01-08,Transfers,6.7,Bill Payment
LOG_00000793,CUST_03625,2026-05-13,Transfers,3.2,Fund Transfer
LOG_00000795,CUST_02462,2023-02-13,Transfers,5.6,Login
LOG_00000796,CUST_03048,2023-06-13,Cards,1.9,Login
LOG_00000797,CUST_03327,2023-01-02,Cards,18.5,KYC Upload
LOG_00000800,CUST_05088,2026-03-28,Accounts,17.5,Login
LOG_00000802,CUST_01040,2023-06-12,Cards,4.0,KYC Upload
LOG_00000805,CUST_06339,2023-08-10,Payments,5.6,Login
LOG_00000806,CUST_07322,2023-06-10,KYC,6.8,Balance Inquiry
LOG_00000808,CUST_07822,2024-12-26,Profile,22.5,Balance Inquiry
LOG_00000813,CUST_03478,2024-11-10,Accounts,15.7,Login
LOG_00000819,CUST_00741,2025-03-06,Accounts,21.8,KYC Upload
LOG_00000822,CUST_00606,2023-06-30,Cards,16.9,
LOG_00000828,CUST_01229,2024-08-07,Home,14.5,Profile
LOG_00000829,CUST_06030,2023-11-15,Accounts,12.9,Fund Transfer
LOG_00000831,CUST_05688,2023-03-19,Payments,20.1,Balance Inquiry
LOG_00000832,CUST_03762,2025-10-18,KYC,11.7,KYC Upload
LOG_00000833,CUST_10025,2023-12-12,Home,11.1,Fund Transfer
LOG_00000840,CUST_02010,2024-05-13,Loans,13.5,Login
LOG_00000845,CUST_05084,2023-03-03,Profile,5.8,KYC Upload
LOG_00000846,CUST_01020,2025-04-17,Transfers,18.6,Bill Payment
LOG_00000849,CUST_01458,2024-09-06,Transfers,1.0,Card Management
LOG_00000854,CUST_05069,2024-06-18,Transfers,4.1,KYC Upload
LOG_00000858,CUST_09848,2023-03-09,KYC,22.0,KYC Upload
LOG_00000859,CUST_06681,2025-08-11,Transfers,3.9,Fund Transfer
LOG_00000861,CUST_05755,2023-11-14,Home,14.3,Profile
LOG_00000864,CUST_08973,2025-01-17,Home,12.1,Balance Inquiry
LOG_00000865,CUST_00184,2024-07-25,Loans,3.7,Login
LOG_00000869,CUST_02266,2024-05-07,Home,1.8,Fund Transfer
LOG_00000876,CUST_06842,2024-12-27,Accounts,2.3,Balance Inquiry
LOG_00000878,CUST_03332,2024-08-24,KYC,5.4,Login
LOG_00000879,CUST_00948,2025-11-28,KYC,13.2,Profile
LOG_00000885,CUST_07900,2023-04-08,Home,3.8,Login
LOG_00000889,CUST_03542,2025-06-03,Loans,5.1,Bill Payment
LOG_00000890,CUST_03125,2025-08-30,Payments,3.1,Login
LOG_00000899,CUST_09692,2024-10-01,KYC,2.7,Balance Inquiry
LOG_00000906,CUST_06593,2023-08-05,Payments,3.1,Login
LOG_00000907,CUST_01888,2023-04-22,Home,11.5,Card Management
LOG_00000909,CUST_08384,2023-09-16,Payments,8.5,Fund Transfer
LOG_00000917,CUST_06044,2024-07-21,Accounts,5.7,Fund Transfer
LOG_00000920,CUST_09890,2023-04-23,Home,11.6,Bill Payment
LOG_00000921,CUST_08049,2023-09-12,Profile,8.3,Fund Transfer
LOG_00000922,CUST_06733,2025-08-11,Payments,7.0,Bill Payment
LOG_00000926,CUST_05618,2024-01-02,Loans,3.6,Bill Payment
LOG_00000927,CUST_06354,2025-07-27,Accounts,3.2,Bill Payment
LOG_00000930,CUST_07882,2023-02-25,Profile,5.0,Bill Payment
LOG_00000932,CUST_05598,2023-04-18,Profile,14.5,Fund Transfer
LOG_00000936,CUST_03236,2024-12-30,Profile,21.5,Fund Transfer
LOG_00000941,CUST_03794,2024-03-02,Home,6.0,Bill Payment
LOG_00000942,CUST_00079,2025-02-26,KYC,10.0,Balance Inquiry
LOG_00000945,CUST_07528,2024-09-26,Profile,6.8,Balance Inquiry
LOG_00000948,CUST_04433,2025-06-02,Home,6.5,KYC Upload
LOG_00000951,CUST_05343,2023-11-23,Loans,5.6,Login
LOG_00000956,CUST_02281,2024-07-14,Loans,16.8,Login
LOG_00000962,CUST_04728,2025-05-21,Payments,6.2,Card Management
LOG_00000964,CUST_09789,2024-08-06,Payments,40.9,Fund Transfer
LOG_00000971,CUST_06406,2023-07-05,Loans,3.2,Card Management
LOG_00000976,CUST_05824,2024-12-07,Payments,17.8,KYC Upload
LOG_00000979,CUST_04971,2023-10-21,KYC,8.5,KYC Upload
LOG_00000981,CUST_00526,2023-09-29,Payments,18.6,KYC Upload
LOG_00000983,CUST_03154,2025-06-09,Payments,28.6,Fund Transfer
LOG_00000985,CUST_02691,2023-01-22,Profile,2.1,Profile
LOG_00000986,CUST_09055,2025-04-23,Home,4.8,Card Management
LOG_00000988,CUST_01386,2023-06-26,Accounts,9.1,Fund Transfer
LOG_00000997,CUST_08391,2023-03-03,Home,8.3,Card Management
LOG_00000999,CUST_04888,2025-05-17,Transfers,2.9,Login
LOG_00001003,CUST_09766,2023-02-03,KYC,11.6,Bill Payment
LOG_00001004,CUST_00137,2025-08-19,Cards,1.1,KYC Upload
LOG_00001005,CUST_07237,2023-04-05,Loans,8.7,Login
LOG_00001006,CUST_02793,2025-03-24,Profile,16.1,Profile
LOG_00001007,CUST_09678,2024-12-15,KYC,7.8,Card Management
LOG_00001009,CUST_01902,2023-03-05,Profile,6.0,Bill Payment
LOG_00001016,CUST_00983,2023-03-10,Cards,18.3,Balance Inquiry
LOG_00001017,CUST_03515,2024-01-13,Transfers,13.2,Bill Payment
LOG_00001019,CUST_03509,2024-03-15,Accounts,21.3,Profile
LOG_00001023,CUST_01498,2025-02-19,Transfers,10.0,Bill Payment
LOG_00001024,CUST_01616,2024-04-13,Cards,5.3,Balance Inquiry
LOG_00001025,CUST_01749,2023-03-22,Cards,13.8,Balance Inquiry
LOG_00001029,CUST_07616,2024-10-01,Accounts,23.4,Balance Inquiry
LOG_00001035,CUST_06079,2023-05-12,Payments,9.0,Profile
LOG_00001037,CUST_06106,2024-04-30,Cards,8.5,Card Management
LOG_00001040,CUST_02522,2023-02-28,Accounts,4.1,Card Management
LOG_00001045,CUST_06196,2023-01-02,Loans,8.0,Profile
LOG_00001046,CUST_07680,2023-07-01,Profile,9.9,Bill Payment
LOG_00001051,CUST_00544,2025-09-26,Accounts,16.8,Card Management
LOG_00001056,CUST_01877,2023-02-18,KYC,14.5,Bill Payment
LOG_00001059,CUST_02050,2024-11-06,KYC,12.9,Card Management
LOG_00001061,CUST_01851,2023-12-24,Transfers,7.8,KYC Upload
LOG_00001064,CUST_01342,2023-05-10,Transfers,15.0,Login
LOG_00001065,CUST_02259,2024-10-07,Payments,23.1,Login
LOG_00001069,CUST_05617,2024-03-13,Cards,8.2,Fund Transfer
LOG_00001074,CUST_02253,2025-03-06,Home,5.4,Card Management
LOG_00001078,CUST_00158,2023-08-31,Home,1.4,Fund Transfer
LOG_00001080,CUST_08423,2023-06-09,Cards,9.3,Card Management
LOG_00001093,CUST_06960,2023-02-13,Transfers,22.7,KYC Upload
LOG_00001095,CUST_09033,2025-06-20,Loans,9.4,Profile
LOG_00001098,CUST_00723,2024-08-07,Payments,3.4,Card Management
LOG_00001106,CUST_05368,2026-01-01,Payments,5.6,Login
LOG_00001108,CUST_05953,2023-08-12,Payments,3.6,Bill Payment
LOG_00001110,CUST_03430,2025-12-22,Transfers,3.1,Fund Transfer
LOG_00001112,CUST_04547,2023-06-26,Payments,20.8,Bill Payment
LOG_00001114,CUST_07800,2023-01-30,KYC,11.2,Login
LOG_00001120,CUST_06212,2023-08-18,Payments,13.5,Profile
LOG_00001133,CUST_02281,2025-03-08,Transfers,9.8,Fund Transfer
LOG_00001134,CUST_02583,2023-01-16,Home,7.8,Bill Payment
LOG_00001135,CUST_04384,2024-09-15,Transfers,11.7,Fund Transfer
LOG_00001139,CUST_01766,2023-11-30,Loans,19.6,Card Management
LOG_00001153,CUST_03857,2024-05-14,Payments,9.1,Balance Inquiry
LOG_00001157,CUST_08243,2023-06-04,Profile,2.9,Profile
LOG_00001159,CUST_08933,2023-07-16,Transfers,20.1,Card Management
LOG_00001163,CUST_02751,2023-04-08,Home,4.3,Balance Inquiry
LOG_00001166,CUST_01806,2025-07-28,Transfers,1.2,KYC Upload
LOG_00001169,CUST_06884,2023-08-11,KYC,15.5,KYC Upload
LOG_00001173,CUST_06848,2023-11-20,Transfers,1.3,Login
LOG_00001176,CUST_05815,2024-01-01,Profile,10.5,Fund Transfer
LOG_00001186,CUST_05868,2024-10-14,Cards,8.9,Balance Inquiry
LOG_00001188,CUST_04766,2024-10-19,Cards,11.8,KYC Upload
LOG_00001195,CUST_07771,2023-01-15,Transfers,10.3,Bill Payment
LOG_00001197,CUST_02764,2023-09-13,Payments,3.4,KYC Upload
LOG_00001207,CUST_05389,2023-11-16,Home,27.5,Profile
LOG_00001208,CUST_06212,2025-09-10,Loans,8.6,Fund Transfer
LOG_00001211,CUST_03520,2024-02-28,Payments,6.5,Fund Transfer
LOG_00001214,CUST_09481,2024-06-02,Cards,11.4,Login
LOG_00001221,CUST_07291,2024-09-17,Cards,7.4,Card Management
LOG_00001222,CUST_05450,2025-11-16,Transfers,11.0,Card Management
LOG_00001223,CUST_05298,2023-04-09,Payments,4.5,Balance Inquiry
LOG_00001224,CUST_05193,2023-12-29,Payments,11.0,Balance Inquiry
LOG_00001227,CUST_09806,2024-03-05,KYC,9.1,
LOG_00001229,CUST_00033,2023-05-29,Transfers,11.0,Profile
LOG_00001230,CUST_08104,2025-06-05,Profile,7.9,Login
LOG_00001233,CUST_00197,2024-03-23,Cards,4.2,KYC Upload
LOG_00001234,CUST_09376,2024-10-19,Home,22.7,Profile
LOG_00001236,CUST_04992,2024-03-19,Payments,12.0,Fund Transfer
LOG_00001241,CUST_03842,2024-05-15,Home,7.1,KYC Upload
LOG_00001249,CUST_09946,2023-02-02,Accounts,8.9,Profile
LOG_00001250,CUST_01576,2024-06-07,Transfers,7.1,Balance Inquiry
LOG_00001252,CUST_08348,2025-12-21,Accounts,3.0,Balance Inquiry
LOG_00001254,CUST_07619,2024-06-06,Accounts,6.3,Login
LOG_00001257,CUST_04141,2024-07-01,Profile,12.0,Card Management
LOG_00001258,CUST_08311,2024-02-10,Payments,1.0,Login
LOG_00001259,CUST_05859,2025-03-17,Transfers,5.0,KYC Upload
LOG_00001264,CUST_08549,2023-11-05,Profile,3.8,Profile
LOG_00001265,CUST_01647,2024-08-23,Accounts,7.8,Login
LOG_00001266,CUST_01869,2024-01-01,KYC,2.2,Bill Payment
LOG_00001269,CUST_07917,2025-05-03,Accounts,6.3,Profile
LOG_00001270,CUST_00058,2023-03-01,Loans,4.5,Card Management
LOG_00001272,CUST_04780,2025-06-17,Loans,10.2,Fund Transfer
LOG_00001277,CUST_02561,2023-01-21,KYC,23.3,Fund Transfer
LOG_00001279,CUST_07375,2025-02-28,KYC,10.9,KYC Upload
LOG_00001281,CUST_09766,2025-09-27,KYC,4.8,Bill Payment
LOG_00001283,CUST_02019,2024-04-16,Accounts,17.3,Card Management
LOG_00001293,CUST_08038,2023-05-23,KYC,16.2,Balance Inquiry
LOG_00001294,CUST_01213,2023-01-20,Transfers,10.6,Fund Transfer
LOG_00001297,CUST_00926,2023-03-16,KYC,4.7,Profile
LOG_00001298,CUST_05968,2024-06-27,Loans,4.1,Login
LOG_00001300,CUST_04085,2024-08-28,Home,21.6,Balance Inquiry
LOG_00001301,CUST_09737,2023-11-01,Payments,8.8,Profile
LOG_00001302,CUST_03239,2024-09-11,Cards,20.4,Bill Payment
LOG_00001303,CUST_09686,2023-12-13,Cards,27.5,Bill Payment
LOG_00001305,CUST_02388,2024-12-25,Loans,6.9,Login
LOG_00001306,CUST_00824,2025-09-22,Transfers,6.3,Card Management
LOG_00001310,CUST_03848,2024-09-15,Accounts,14.2,Bill Payment
LOG_00001314,CUST_01180,2025-10-31,Payments,29.5,Profile
LOG_00001315,CUST_09023,2023-10-07,Accounts,7.6,Profile
LOG_00001316,CUST_08177,2024-02-26,Transfers,20.5,Card Management
LOG_00001319,CUST_06835,2024-09-27,Cards,10.7,Balance Inquiry
LOG_00001320,CUST_01977,2023-07-27,KYC,3.3,Card Management
LOG_00001322,CUST_06199,2024-06-01,Payments,1.0,Bill Payment
LOG_00001327,CUST_06444,2023-11-21,Accounts,4.3,Profile
LOG_00001329,CUST_02736,2023-09-30,Home,20.4,Login
LOG_00001330,CUST_00795,2024-06-08,Payments,8.3,Profile
LOG_00001331,CUST_03017,2024-03-22,KYC,10.5,Fund Transfer
LOG_00001334,CUST_00830,2025-04-07,Loans,30.8,Bill Payment
LOG_00001341,CUST_01672,2024-03-13,Accounts,6.6,Bill Payment
LOG_00001344,CUST_09559,2023-07-23,Cards,15.2,Login
LOG_00001347,CUST_01784,2023-08-26,KYC,3.7,Profile
LOG_00001348,CUST_03391,2023-11-30,Loans,13.4,KYC Upload
LOG_00001350,CUST_01262,2024-02-14,Payments,23.0,Bill Payment
LOG_00001357,CUST_04839,2024-01-21,KYC,16.7,Balance Inquiry
LOG_00001361,CUST_05284,2023-08-06,Payments,10.6,Profile
LOG_00001362,CUST_04763,2023-04-30,Cards,11.7,Bill Payment
LOG_00001364,CUST_09150,2023-05-30,Accounts,13.5,Card Management
LOG_00001366,CUST_00986,2025-12-13,Loans,20.7,Fund Transfer
LOG_00001371,CUST_02655,2023-03-19,Payments,15.9,Bill Payment
LOG_00001378,CUST_07998,2023-03-07,Transfers,10.2,Fund Transfer
LOG_00001379,CUST_09100,2024-07-06,Profile,15.8,Card Management
LOG_00001383,CUST_08105,2025-02-11,Loans,11.3,Balance Inquiry
LOG_00001386,CUST_02105,2024-07-24,KYC,11.3,Bill Payment
LOG_00001387,CUST_09255,2024-08-31,Transfers,6.4,Balance Inquiry
LOG_00001389,CUST_02536,2023-02-08,Profile,38.8,Bill Payment
LOG_00001391,CUST_02015,2023-06-20,KYC,11.3,Fund Transfer
LOG_00001395,CUST_07982,2024-03-29,Payments,7.1,Balance Inquiry
LOG_00001401,CUST_06263,2025-04-03,Cards,2.4,Balance Inquiry
LOG_00001405,CUST_09607,2023-11-16,Transfers,8.0,KYC Upload
LOG_00001414,CUST_10018,2023-03-07,Loans,6.9,KYC Upload
LOG_00001418,CUST_07517,2023-03-21,Cards,6.9,Login
LOG_00001419,CUST_02360,2023-09-26,Loans,5.5,Balance Inquiry
LOG_00001421,CUST_10132,2025-08-08,Payments,10.1,Balance Inquiry
LOG_00001423,CUST_09658,2024-06-06,Profile,5.0,Bill Payment
LOG_00001426,CUST_08462,2023-03-12,Accounts,14.4,Card Management
LOG_00001427,CUST_03611,2025-08-08,KYC,15.2,Balance Inquiry
LOG_00001428,CUST_02023,2024-03-26,Payments,4.7,Profile
LOG_00001431,CUST_00038,2023-11-04,Payments,12.1,Profile
LOG_00001432,CUST_03470,2024-08-30,Transfers,4.7,KYC Upload
LOG_00001434,CUST_03439,2023-04-24,Profile,5.3,Bill Payment
LOG_00001435,CUST_07525,2023-03-18,Cards,5.4,Login
LOG_00001437,CUST_06106,2024-07-15,KYC,5.5,KYC Upload
LOG_00001438,CUST_08353,2023-05-27,Transfers,6.9,Card Management
LOG_00001447,CUST_06823,2023-01-31,Home,6.5,Fund Transfer
LOG_00001452,CUST_05470,2025-06-27,KYC,7.2,Bill Payment
LOG_00001455,CUST_08938,2024-11-15,Cards,3.4,Balance Inquiry
LOG_00001462,CUST_09838,2024-12-12,Home,11.1,Card Management
LOG_00001463,CUST_09043,2023-03-12,Payments,22.2,Profile
LOG_00001468,CUST_03697,2023-11-04,Profile,1.7,Card Management
LOG_00001471,CUST_07591,2023-12-30,Loans,6.7,Profile
LOG_00001474,CUST_02436,2023-04-18,Loans,2.2,Login
LOG_00001477,CUST_10124,2023-05-24,Cards,11.9,Balance Inquiry
LOG_00001481,CUST_09626,2023-04-23,Transfers,17.2,Login
LOG_00001483,CUST_09170,2023-05-15,Transfers,14.1,Fund Transfer
LOG_00001492,CUST_01429,2023-05-15,Loans,11.0,Card Management
LOG_00001497,CUST_02731,2024-09-19,Cards,4.8,Card Management
LOG_00001500,CUST_04481,2024-12-04,Transfers,12.3,Profile
LOG_00001508,CUST_01066,2023-05-01,Transfers,5.0,Balance Inquiry
LOG_00001509,CUST_10029,2025-08-19,Profile,7.1,Login
LOG_00001510,CUST_05374,2023-01-23,Home,6.0,KYC Upload
LOG_00001513,CUST_02507,2025-03-10,Payments,9.4,Card Management
LOG_00001514,CUST_08532,2024-08-26,Loans,16.9,Card Management
LOG_00001518,CUST_01497,2025-08-13,Cards,9.4,Card Management
LOG_00001531,CUST_09277,2024-04-05,Cards,12.5,Balance Inquiry
LOG_00001535,CUST_00297,2023-06-08,KYC,8.2,Balance Inquiry
LOG_00001538,CUST_02936,2023-04-12,Accounts,9.6,Fund Transfer
LOG_00001541,CUST_06120,2023-03-23,Loans,6.5,Bill Payment
LOG_00001545,CUST_00466,2024-12-11,Profile,35.4,Fund Transfer
LOG_00001549,CUST_02050,2023-08-20,Transfers,9.2,Profile
LOG_00001550,CUST_07060,2025-12-07,Loans,18.5,KYC Upload
LOG_00001551,CUST_02514,2025-06-20,Payments,5.3,Card Management
LOG_00001552,CUST_00154,2024-11-13,KYC,10.3,Profile
LOG_00001553,CUST_02086,2024-07-25,Profile,1.0,Fund Transfer
LOG_00001554,CUST_04728,2024-07-01,Transfers,14.3,Card Management
LOG_00001556,CUST_02057,2024-12-04,Profile,11.3,Profile
LOG_00001560,CUST_05730,2024-03-17,Transfers,17.0,Profile
LOG_00001563,CUST_07736,2024-11-08,Accounts,13.9,Profile
LOG_00001564,CUST_04665,2023-10-15,Transfers,19.6,Bill Payment
LOG_00001568,CUST_01687,2024-03-20,KYC,7.9,Card Management
LOG_00001572,CUST_08496,2023-04-07,Profile,7.4,KYC Upload
LOG_00001573,CUST_04346,2024-07-08,Payments,9.7,Login
LOG_00001584,CUST_03861,2025-01-01,Loans,5.7,KYC Upload
LOG_00001589,CUST_05383,2024-09-24,Home,13.7,Login
LOG_00001591,CUST_01326,2026-02-15,Transfers,5.3,Fund Transfer
LOG_00001597,CUST_01105,2024-03-01,Accounts,7.7,KYC Upload
LOG_00001602,CUST_05605,2024-04-22,Payments,17.5,KYC Upload
LOG_00001607,CUST_02378,2023-04-14,Profile,9.5,Card Management
LOG_00001611,CUST_04150,2025-03-23,Loans,5.8,Bill Payment
LOG_00001613,CUST_06715,2024-03-06,Profile,10.3,Card Management
LOG_00001614,CUST_07168,2024-01-25,Home,5.9,Login
LOG_00001618,CUST_08467,2025-03-29,Transfers,12.9,Profile
LOG_00001623,CUST_09327,2023-10-31,Loans,17.0,Card Management
LOG_00001628,CUST_03060,2024-12-28,Payments,6.7,Card Management
LOG_00001629,CUST_06150,2023-08-22,KYC,14.9,Balance Inquiry
LOG_00001632,CUST_02029,2025-11-17,Loans,7.8,Login
LOG_00001635,CUST_07744,2026-01-02,Payments,9.3,Login
LOG_00001637,CUST_09443,2024-07-01,Payments,12.5,Bill Payment
LOG_00001642,CUST_04047,2025-07-25,Accounts,7.1,Profile
LOG_00001646,CUST_08847,2023-08-07,Transfers,7.6,Fund Transfer
LOG_00001647,CUST_05714,2025-05-12,Payments,3.7,Balance Inquiry
LOG_00001648,CUST_01055,2023-08-18,Accounts,2.5,Balance Inquiry
LOG_00001654,CUST_05360,2023-03-18,Loans,22.9,Profile
LOG_00001660,CUST_03958,2024-01-13,Home,2.9,Login
LOG_00001661,CUST_09150,2023-04-26,Payments,16.8,Card Management
LOG_00001667,CUST_03337,2023-06-19,KYC,12.4,Login
LOG_00001668,CUST_02062,2024-10-17,Accounts,8.7,Fund Transfer
LOG_00001671,CUST_06002,2023-04-01,Transfers,2.3,Bill Payment
LOG_00001678,CUST_02070,2023-03-21,Home,3.4,Balance Inquiry
LOG_00001682,CUST_06434,2023-01-13,Profile,13.6,Card Management
LOG_00001684,CUST_09636,2024-01-14,KYC,11.8,KYC Upload
LOG_00001687,CUST_04199,2024-08-20,KYC,22.1,Login
LOG_00001690,CUST_01965,2024-04-02,Cards,5.4,Balance Inquiry
LOG_00001692,CUST_06720,2023-04-26,Home,14.0,Balance Inquiry
LOG_00001693,CUST_06586,2023-08-10,Cards,4.6,Card Management
LOG_00001699,CUST_05260,2023-06-01,Loans,2.6,Login
LOG_00001700,CUST_01134,2025-04-19,Accounts,4.5,KYC Upload
LOG_00001701,CUST_06233,2024-01-04,Accounts,6.0,Fund Transfer
LOG_00001704,CUST_09417,2023-02-26,Payments,12.9,Card Management
LOG_00001707,CUST_00276,2023-02-28,Transfers,5.6,Profile
LOG_00001709,CUST_00162,2025-08-21,Cards,4.1,KYC Upload
LOG_00001715,CUST_02622,2024-07-20,Accounts,10.3,Balance Inquiry
LOG_00001717,CUST_04548,2024-12-26,Cards,15.8,Fund Transfer
LOG_00001727,CUST_00539,2023-12-30,Payments,14.0,KYC Upload
LOG_00001728,CUST_05689,2023-07-07,Cards,19.6,Profile
LOG_00001730,CUST_00854,2025-04-11,Transfers,15.3,KYC Upload
LOG_00001732,CUST_04608,2023-08-26,Profile,3.0,Profile
LOG_00001742,CUST_09996,2024-12-03,KYC,25.3,Fund Transfer
LOG_00001746,CUST_08720,2023-03-22,Payments,13.3,Balance Inquiry
LOG_00001748,CUST_04388,2023-12-05,Home,9.7,Card Management
LOG_00001749,CUST_07077,2023-07-23,Profile,14.6,Login
LOG_00001750,CUST_02278,2025-07-23,Home,16.7,Login
LOG_00001751,CUST_09718,2024-04-07,Profile,14.8,Login
LOG_00001752,CUST_05010,2023-02-12,KYC,18.5,Login
LOG_00001753,CUST_08373,2024-03-22,Cards,7.5,Card Management
LOG_00001760,CUST_08368,2023-05-29,KYC,15.4,Profile
LOG_00001761,CUST_09982,2023-03-09,Loans,14.4,KYC Upload
LOG_00001762,CUST_03707,2025-02-10,KYC,6.8,Card Management
LOG_00001764,CUST_10160,2023-09-01,Loans,12.8,Fund Transfer
LOG_00001768,CUST_00445,2023-07-07,Accounts,4.9,Fund Transfer
LOG_00001772,CUST_06317,2024-03-24,Cards,5.8,Balance Inquiry
LOG_00001781,CUST_05682,2023-04-12,Payments,8.2,Bill Payment
LOG_00001782,CUST_07619,2024-08-13,Home,2.4,Profile
LOG_00001783,CUST_09210,2026-01-23,Cards,7.3,Balance Inquiry
LOG_00001785,CUST_02193,2024-01-24,Accounts,10.8,Card Management
LOG_00001801,CUST_03021,2023-08-18,KYC,8.5,KYC Upload
LOG_00001805,CUST_02850,2023-02-05,Transfers,6.7,Login
LOG_00001810,CUST_03909,2023-01-29,Accounts,40.2,Card Management
LOG_00001811,CUST_07170,2023-12-06,Profile,6.1,Profile
LOG_00001815,CUST_03151,2026-02-24,Profile,6.1,Balance Inquiry
LOG_00001816,CUST_01033,2024-03-30,KYC,5.8,Login
LOG_00001822,CUST_06795,2025-03-24,Loans,9.1,Bill Payment
LOG_00001828,CUST_02735,2024-11-13,Home,14.8,Card Management
LOG_00001831,CUST_01119,2024-04-23,Transfers,12.7,Profile
LOG_00001838,CUST_08264,2025-06-02,Payments,3.5,Bill Payment
LOG_00001843,CUST_03193,2025-09-14,Cards,17.1,Balance Inquiry
LOG_00001844,CUST_00953,2023-02-28,Loans,11.0,Login
LOG_00001848,CUST_04323,2023-09-15,Loans,6.1,Bill Payment
LOG_00001849,CUST_04210,2024-08-19,Transfers,8.8,Card Management
LOG_00001851,CUST_09905,2024-07-30,KYC,3.6,Fund Transfer
LOG_00001853,CUST_04104,2024-12-05,Cards,9.0,Balance Inquiry
LOG_00001859,CUST_07918,2023-04-05,Accounts,14.6,Card Management
LOG_00001863,CUST_08720,2023-04-22,Accounts,17.7,Bill Payment
LOG_00001864,CUST_07375,2025-04-12,Accounts,8.7,Login
LOG_00001866,CUST_07521,2025-03-09,Cards,11.1,Fund Transfer
LOG_00001869,CUST_06160,2023-05-02,Transfers,2.3,Fund Transfer
LOG_00001871,CUST_01795,2024-09-18,Profile,10.6,Profile
LOG_00001873,CUST_04537,2023-10-29,Payments,8.5,Login
LOG_00001880,CUST_08644,2023-03-04,KYC,4.6,Balance Inquiry
LOG_00001881,CUST_01245,2025-04-30,Accounts,11.1,Profile
LOG_00001883,CUST_08525,2023-09-28,Cards,10.6,Profile
LOG_00001884,CUST_01368,2023-02-04,Home,5.5,Fund Transfer
LOG_00001888,CUST_02454,2023-12-01,Payments,10.4,Login
LOG_00001891,CUST_00057,2024-01-26,Profile,6.9,Balance Inquiry
LOG_00001892,CUST_01862,2025-10-30,Accounts,4.0,Balance Inquiry
LOG_00001894,CUST_09116,2025-02-04,Loans,13.6,Profile
LOG_00001899,CUST_05368,2023-04-15,Payments,6.5,Balance Inquiry
LOG_00001903,CUST_02582,2025-06-24,Profile,5.0,Login
LOG_00001906,CUST_08557,2023-09-20,Accounts,5.4,Fund Transfer
LOG_00001907,CUST_01958,2023-02-04,Loans,10.0,Login
LOG_00001911,CUST_05491,2024-02-03,Cards,2.0,Balance Inquiry
LOG_00001913,CUST_09114,2023-02-07,Cards,4.2,Login
LOG_00001918,CUST_01484,2024-08-09,Cards,6.2,Bill Payment
LOG_00001919,CUST_05662,2023-12-06,Profile,17.0,Balance Inquiry
LOG_00001921,CUST_05073,2023-06-22,KYC,3.4,Fund Transfer
LOG_00001925,CUST_05216,2024-09-01,Transfers,6.3,Card Management
LOG_00001928,CUST_06121,2024-04-30,KYC,6.9,Login
LOG_00001930,CUST_06044,2023-06-11,Transfers,1.9,Bill Payment
LOG_00001933,CUST_06367,2023-10-04,Accounts,3.7,Fund Transfer
LOG_00001934,CUST_02729,2023-04-07,Transfers,3.4,Bill Payment
LOG_00001935,CUST_03278,2024-03-21,Home,22.4,Card Management
LOG_00001936,CUST_03777,2023-09-05,KYC,1.2,Bill Payment
LOG_00001944,CUST_02977,2023-01-23,Accounts,5.9,KYC Upload
LOG_00001947,CUST_00351,2024-06-15,Home,4.7,Card Management
LOG_00001953,CUST_08874,2024-02-03,KYC,20.0,Bill Payment
LOG_00001958,CUST_02009,2024-06-06,KYC,5.9,KYC Upload
LOG_00001962,CUST_09246,2023-11-30,Cards,10.8,Login
LOG_00001965,CUST_03134,2024-03-03,KYC,7.3,KYC Upload
LOG_00001967,CUST_04859,2023-01-09,KYC,1.2,Profile
LOG_00001978,CUST_08353,2025-10-25,Profile,11.8,Login
LOG_00001979,CUST_06575,2023-02-22,Home,8.1,KYC Upload
LOG_00001980,CUST_09476,2023-12-23,Home,1.2,Balance Inquiry
LOG_00001981,CUST_04149,2023-03-23,Accounts,9.8,Balance Inquiry
LOG_00001989,CUST_07323,2023-08-11,Profile,17.4,Fund Transfer
LOG_00001996,CUST_01950,2023-11-13,Accounts,3.2,Bill Payment
LOG_00001999,CUST_00427,2025-11-15,Profile,6.9,Fund Transfer
LOG_00002000,CUST_04293,2024-09-01,Payments,13.8,Profile
LOG_00002003,CUST_07192,2023-12-30,Transfers,8.7,Fund Transfer
LOG_00002008,CUST_00719,2023-06-15,Accounts,5.5,Bill Payment
LOG_00002010,CUST_10096,2024-05-21,Profile,12.9,Login
LOG_00002011,CUST_00460,2023-05-09,Profile,6.8,Profile
LOG_00002015,CUST_10076,2025-08-26,Profile,7.7,Fund Transfer
LOG_00002019,CUST_08463,2023-06-06,Payments,6.0,Bill Payment
LOG_00002020,CUST_05142,2023-04-06,Payments,7.0,
LOG_00002027,CUST_09913,2024-01-14,Accounts,6.6,Login
LOG_00002028,CUST_00550,2023-11-17,KYC,5.9,Bill Payment
LOG_00002029,CUST_06466,2023-12-09,Loans,13.9,Profile
LOG_00002030,CUST_07198,2024-03-28,Cards,16.9,Card Management
LOG_00002032,CUST_00442,2024-10-15,Cards,12.6,Profile
LOG_00002038,CUST_05416,2025-04-30,Transfers,1.9,Card Management
LOG_00002040,CUST_02343,2025-03-17,Payments,21.5,Card Management
LOG_00002043,CUST_00412,2023-11-14,Transfers,4.4,Card Management
LOG_00002054,CUST_09443,2023-10-23,Transfers,2.5,Fund Transfer
LOG_00002056,CUST_02063,2024-01-29,Cards,19.0,Card Management
LOG_00002064,CUST_07194,2023-04-04,Profile,1.7,Balance Inquiry
LOG_00002067,CUST_05689,2025-04-22,KYC,5.6,Card Management
LOG_00002068,CUST_03558,2023-07-30,Profile,8.7,KYC Upload
LOG_00002070,CUST_07521,2025-03-11,KYC,3.7,Card Management
LOG_00002074,CUST_00060,2025-05-26,Loans,9.7,Bill Payment
LOG_00002076,CUST_09312,2026-01-01,Home,9.7,Bill Payment
LOG_00002077,CUST_07749,2023-11-05,Accounts,12.8,Login
LOG_00002079,CUST_08849,2024-01-26,Cards,8.8,Profile
LOG_00002081,CUST_03357,2024-09-24,Loans,21.4,Fund Transfer
LOG_00002084,CUST_01320,2025-10-20,Home,11.1,KYC Upload
LOG_00002085,CUST_09394,2024-04-29,KYC,10.2,Bill Payment
LOG_00002090,CUST_07730,2023-03-17,Cards,4.6,Login
LOG_00002091,CUST_09634,2023-09-06,Cards,7.7,KYC Upload
LOG_00002093,CUST_06245,2023-09-03,Payments,14.5,Fund Transfer
LOG_00002097,CUST_02837,2024-02-08,Accounts,5.9,Fund Transfer
LOG_00002098,CUST_08501,2025-07-09,Loans,13.2,Login
LOG_00002099,CUST_06244,2025-02-07,Profile,6.1,Login
LOG_00002100,CUST_08573,2023-03-15,Loans,4.6,Login
LOG_00002101,CUST_05383,2024-01-21,Transfers,4.4,Fund Transfer
LOG_00002104,CUST_09199,2023-01-29,Cards,27.0,Login
LOG_00002113,CUST_03348,2024-02-28,Payments,13.4,Fund Transfer
LOG_00002114,CUST_00047,2023-02-24,Payments,10.8,Profile
LOG_00002115,CUST_04583,2024-11-14,Transfers,7.4,Fund Transfer
LOG_00002116,CUST_02261,2023-07-14,Profile,3.7,Card Management
LOG_00002119,CUST_08539,2024-05-10,Profile,10.1,Fund Transfer
LOG_00002121,CUST_01069,2023-09-01,Accounts,4.8,Fund Transfer
LOG_00002122,CUST_07328,2023-06-22,Home,9.8,Balance Inquiry
LOG_00002124,CUST_09956,2023-11-13,Cards,30.1,Login
LOG_00002126,CUST_04270,2024-08-15,Home,7.7,Fund Transfer
LOG_00002130,CUST_09319,2023-01-11,Home,7.7,Fund Transfer
LOG_00002133,CUST_05088,2024-10-02,Payments,4.7,Profile
LOG_00002134,CUST_01408,2023-03-06,Loans,8.6,Bill Payment
LOG_00002145,CUST_00194,2024-03-02,Profile,7.1,KYC Upload
LOG_00002157,CUST_02126,2023-09-06,Cards,6.3,Bill Payment
LOG_00002159,CUST_03777,2023-05-24,Transfers,6.9,Card Management
LOG_00002163,CUST_09456,2023-07-28,Accounts,19.9,Balance Inquiry
LOG_00002165,CUST_00117,2023-02-27,Profile,1.8,Balance Inquiry
LOG_00002167,CUST_04923,2024-04-24,Payments,10.0,Login
LOG_00002171,CUST_09048,2025-07-10,Home,13.2,Bill Payment
LOG_00002173,CUST_06120,2023-11-26,Transfers,15.4,Login
LOG_00002174,CUST_05371,2023-11-05,Loans,6.2,Card Management
LOG_00002175,CUST_06244,2025-01-27,Loans,3.8,Profile
LOG_00002179,CUST_03451,2024-04-10,Payments,2.4,Bill Payment
LOG_00002182,CUST_00811,2025-11-09,Loans,4.8,Card Management
LOG_00002185,CUST_03191,2024-03-17,Profile,20.3,Balance Inquiry
LOG_00002194,CUST_05743,2023-04-29,Home,7.9,Fund Transfer
LOG_00002196,CUST_00931,2025-02-07,Loans,11.8,Bill Payment
LOG_00002198,CUST_01134,2024-08-25,Cards,20.2,Fund Transfer
LOG_00002206,CUST_05662,2024-05-15,KYC,6.4,Fund Transfer
LOG_00002211,CUST_04880,2024-05-06,Cards,6.6,Login
LOG_00002212,CUST_03069,2024-07-08,Home,12.8,Card Management
LOG_00002213,CUST_03684,2023-07-01,Transfers,10.4,Card Management
LOG_00002215,CUST_00784,2025-08-15,Home,2.4,Login
LOG_00002216,CUST_09499,2023-07-31,Profile,14.3,Balance Inquiry
LOG_00002217,CUST_04242,2025-08-12,Cards,6.8,KYC Upload
LOG_00002222,CUST_01747,2023-04-17,Profile,9.0,Bill Payment
LOG_00002223,CUST_06659,2024-12-13,Payments,3.8,Login
LOG_00002224,CUST_06436,2025-05-13,Transfers,4.8,Balance Inquiry
LOG_00002226,CUST_09980,2024-05-31,Home,7.4,Profile
LOG_00002229,CUST_00909,2023-04-09,KYC,16.4,Fund Transfer
LOG_00002230,CUST_06645,2024-04-23,Loans,10.7,Login
LOG_00002236,CUST_01743,2024-01-30,Profile,5.6,Fund Transfer
LOG_00002237,CUST_00009,2025-01-18,Loans,9.8,Card Management
LOG_00002239,CUST_01537,2023-11-14,Transfers,11.6,KYC Upload
LOG_00002240,CUST_01295,2023-02-09,Transfers,15.6,Fund Transfer
LOG_00002241,CUST_04660,2024-01-18,Accounts,7.1,Fund Transfer
LOG_00002244,CUST_05287,2025-08-24,Home,10.7,KYC Upload
LOG_00002246,CUST_04150,2024-04-05,Loans,9.1,Fund Transfer
LOG_00002247,CUST_05933,2024-05-21,Home,16.3,Login
LOG_00002253,CUST_04944,2024-07-11,Cards,18.2,Fund Transfer
LOG_00002254,CUST_05042,2023-02-02,Cards,5.5,Login
LOG_00002258,CUST_04976,2025-10-11,Cards,14.4,Fund Transfer
LOG_00002259,CUST_00937,2024-08-27,Profile,20.0,Card Management
LOG_00002260,CUST_00924,2023-04-03,Payments,13.9,Login
LOG_00002264,CUST_04532,2024-01-16,Profile,9.8,Card Management
LOG_00002265,CUST_05101,2025-04-11,Profile,15.6,Login
LOG_00002269,CUST_07947,2024-03-12,Home,13.9,Balance Inquiry
LOG_00002274,CUST_04275,2025-02-15,Loans,8.5,KYC Upload
LOG_00002277,CUST_02026,2025-07-12,Transfers,4.0,Card Management
LOG_00002280,CUST_06527,2023-02-01,Transfers,9.2,Bill Payment
LOG_00002281,CUST_00429,2023-12-18,Transfers,1.5,Profile
LOG_00002282,CUST_05391,2023-10-27,Home,9.3,Card Management
LOG_00002288,CUST_06547,2025-04-30,Accounts,9.5,Balance Inquiry
LOG_00002289,CUST_09753,2023-08-25,KYC,8.6,Balance Inquiry
LOG_00002290,CUST_00566,2023-07-22,Profile,10.3,Profile
LOG_00002292,CUST_07838,2023-08-05,Loans,6.6,KYC Upload
LOG_00002294,CUST_08197,2023-08-16,Payments,4.5,Bill Payment
LOG_00002295,CUST_10037,2023-07-06,Payments,14.7,Profile
LOG_00002298,CUST_04766,2025-02-19,Payments,12.1,Fund Transfer
LOG_00002301,CUST_08681,2024-08-06,Loans,11.0,
LOG_00002302,CUST_07749,2023-06-03,Loans,11.3,Bill Payment
LOG_00002305,CUST_04854,2024-01-04,Cards,12.8,Login
LOG_00002306,CUST_03303,2025-05-30,Loans,8.2,Bill Payment
LOG_00002308,CUST_09157,2023-01-04,Loans,9.5,Card Management
LOG_00002314,CUST_05716,2024-01-13,Home,11.0,Balance Inquiry
LOG_00002315,CUST_02915,2023-03-21,Accounts,6.0,Card Management
LOG_00002316,CUST_08241,2023-03-18,Payments,4.0,
LOG_00002318,CUST_04897,2024-06-05,Transfers,9.6,Login
LOG_00002319,CUST_06265,2024-08-16,Transfers,15.2,Fund Transfer
LOG_00002323,CUST_02573,2024-06-15,Transfers,3.1,Profile
LOG_00002326,CUST_00417,2025-05-24,Transfers,14.4,Bill Payment
LOG_00002330,CUST_06648,2024-01-10,Profile,6.4,Card Management
LOG_00002333,CUST_06719,2023-01-23,KYC,6.3,Login
LOG_00002336,CUST_08360,2024-03-17,Cards,6.7,Login
LOG_00002337,CUST_02148,2024-12-18,Payments,14.2,Balance Inquiry
LOG_00002343,CUST_07533,2023-06-13,Home,3.1,Login
LOG_00002350,CUST_01581,2023-06-06,Profile,19.0,Balance Inquiry
LOG_00002351,CUST_08678,2024-01-20,Transfers,3.4,Fund Transfer
LOG_00002356,CUST_09298,2023-01-28,Transfers,22.6,Fund Transfer
LOG_00002365,CUST_08221,2025-04-11,Loans,13.8,KYC Upload
LOG_00002367,CUST_00526,2025-03-05,Loans,2.9,Login
LOG_00002370,CUST_00986,2024-07-26,Home,4.0,KYC Upload
LOG_00002372,CUST_06021,2023-12-11,KYC,10.7,Balance Inquiry
LOG_00002373,CUST_10085,2024-11-01,Payments,9.8,Login
LOG_00002378,CUST_01329,2024-03-03,KYC,9.0,KYC Upload
LOG_00002380,CUST_00967,2023-12-26,KYC,7.5,Card Management
LOG_00002382,CUST_08356,2024-05-11,Cards,29.2,Profile
LOG_00002384,CUST_00033,2023-05-16,Home,8.3,Profile
LOG_00002386,CUST_08424,2023-11-03,Accounts,9.0,Bill Payment
LOG_00002391,CUST_00488,2024-01-08,Payments,15.7,Login
LOG_00002392,CUST_05855,2023-09-07,Cards,3.0,Fund Transfer
LOG_00002393,CUST_06472,2023-07-05,KYC,7.4,Card Management
LOG_00002396,CUST_02056,2026-06-21,Payments,4.0,
LOG_00002398,CUST_04134,2024-01-21,Home,3.8,Login
LOG_00002399,CUST_01181,2023-02-04,KYC,11.0,Card Management
LOG_00002400,CUST_10106,2025-05-28,Payments,12.1,Bill Payment
LOG_00002401,CUST_06592,2024-07-24,Cards,10.3,Bill Payment
LOG_00002404,CUST_01085,2023-01-05,Accounts,5.4,Balance Inquiry
LOG_00002407,CUST_02781,2023-07-20,Home,4.7,Profile
LOG_00002410,CUST_03355,2023-08-24,Home,17.3,Bill Payment
LOG_00002412,CUST_01826,2023-11-24,Transfers,5.2,Fund Transfer
LOG_00002413,CUST_04538,2023-03-09,Accounts,4.0,Fund Transfer
LOG_00002415,CUST_07335,2025-01-07,Loans,14.3,Login
LOG_00002416,CUST_03327,2025-03-30,Profile,8.5,Login
LOG_00002417,CUST_07845,2023-07-14,Transfers,6.6,Profile
LOG_00002424,CUST_01062,2024-09-06,Transfers,15.9,Fund Transfer
LOG_00002430,CUST_04396,2023-08-28,Payments,11.6,KYC Upload
LOG_00002431,CUST_09317,2023-12-05,Loans,5.6,Login
LOG_00002433,CUST_03048,2024-03-03,Transfers,7.8,Fund Transfer
LOG_00002434,CUST_09856,2024-10-01,Cards,13.5,Balance Inquiry
LOG_00002437,CUST_09247,2023-07-03,Home,5.5,KYC Upload
LOG_00002438,CUST_05351,2024-09-20,Accounts,20.5,Fund Transfer
LOG_00002441,CUST_06816,2023-10-03,Accounts,5.9,Balance Inquiry
LOG_00002449,CUST_07768,2024-02-02,Profile,7.1,Login
LOG_00002452,CUST_00084,2023-05-20,Cards,6.7,Balance Inquiry
LOG_00002464,CUST_09134,2023-10-08,Profile,26.9,Bill Payment
LOG_00002468,CUST_05518,2023-06-16,Transfers,5.8,Fund Transfer
LOG_00002469,CUST_10015,2023-12-11,Loans,6.7,Balance Inquiry
LOG_00002470,CUST_01383,2023-02-22,Loans,9.3,Card Management
LOG_00002472,CUST_08626,2023-06-11,KYC,12.1,Balance Inquiry
LOG_00002473,CUST_05478,2023-11-20,Loans,22.3,Profile
LOG_00002476,CUST_01208,2023-08-08,Transfers,4.0,Profile
LOG_00002479,CUST_01171,2023-05-30,Home,6.3,Card Management
LOG_00002482,CUST_08164,2024-12-15,Profile,13.2,Card Management
LOG_00002483,CUST_03928,2025-02-23,Payments,8.1,Balance Inquiry
LOG_00002489,CUST_03586,2023-02-13,Profile,8.8,KYC Upload
LOG_00002492,CUST_08580,2025-11-05,Cards,20.1,Card Management
LOG_00002496,CUST_03166,2024-06-22,Accounts,9.2,KYC Upload
LOG_00002500,CUST_04396,2024-09-08,Loans,13.1,KYC Upload
LOG_00002502,CUST_06455,2025-08-30,Loans,4.6,KYC Upload
LOG_00002504,CUST_05916,2023-02-26,Profile,9.3,Profile
LOG_00002509,CUST_01079,2025-04-25,Transfers,7.7,Profile
LOG_00002510,CUST_06741,2023-02-17,Transfers,8.8,Balance Inquiry
LOG_00002511,CUST_06176,2023-10-06,Accounts,5.5,Fund Transfer
LOG_00002513,CUST_03190,2024-05-04,Accounts,10.3,Login
LOG_00002516,CUST_01928,2024-07-19,Payments,2.0,Bill Payment
LOG_00002517,CUST_05274,2023-11-27,KYC,3.8,Bill Payment
LOG_00002520,CUST_06238,2023-06-14,KYC,2.1,Login
LOG_00002525,CUST_03884,2023-10-06,Home,29.2,Card Management
LOG_00002526,CUST_08106,2023-05-08,Accounts,8.3,Bill Payment
LOG_00002527,CUST_08685,2026-01-26,Home,7.3,Login
LOG_00002529,CUST_06426,2025-07-17,Cards,3.2,Balance Inquiry
LOG_00002532,CUST_07322,2023-04-25,Loans,7.0,Fund Transfer
LOG_00002534,CUST_05892,2023-04-11,Cards,9.0,Balance Inquiry
LOG_00002537,CUST_04997,2024-01-28,Loans,7.4,Fund Transfer
LOG_00002543,CUST_07785,2024-03-22,Profile,8.9,Bill Payment
LOG_00002545,CUST_07709,2025-12-15,Profile,28.7,Profile
LOG_00002547,CUST_01236,2023-03-08,KYC,4.2,Card Management
LOG_00002551,CUST_02675,2023-06-03,Accounts,8.0,Card Management
LOG_00002554,CUST_04602,2024-03-31,Loans,13.2,Login
LOG_00002556,CUST_03616,2025-01-07,Accounts,11.3,Card Management
LOG_00002558,CUST_02434,2023-10-18,Cards,5.1,Login
LOG_00002559,CUST_09112,2024-10-02,Home,4.2,Bill Payment
LOG_00002562,CUST_09754,2024-04-21,Payments,13.4,Card Management
LOG_00002564,CUST_06794,2023-03-07,KYC,13.8,Balance Inquiry
LOG_00002569,CUST_03415,2023-03-08,Payments,5.1,Bill Payment
LOG_00002575,CUST_04310,2023-04-22,Transfers,2.0,Bill Payment
LOG_00002580,CUST_00385,2025-03-10,Accounts,12.1,Fund Transfer
LOG_00002588,CUST_07235,2023-09-09,Home,7.5,Login
LOG_00002589,CUST_00362,2024-06-12,Payments,1.5,Bill Payment
LOG_00002591,CUST_09023,2025-08-06,Loans,12.5,Profile
LOG_00002596,CUST_04250,2023-10-04,Transfers,26.8,Profile
LOG_00002597,CUST_00389,2023-03-10,Loans,8.0,KYC Upload
LOG_00002600,CUST_03419,2025-09-18,Cards,3.5,Fund Transfer
LOG_00002603,CUST_01600,2025-11-08,Loans,14.5,Bill Payment
LOG_00002604,CUST_02729,2023-08-19,Payments,16.6,Card Management
LOG_00002607,CUST_01234,2023-06-15,Transfers,15.5,Profile
LOG_00002608,CUST_00574,2024-09-25,Home,5.7,Balance Inquiry
LOG_00002610,CUST_02472,2025-05-30,KYC,1.8,Profile
LOG_00002613,CUST_07695,2023-12-22,Loans,3.4,Balance Inquiry
LOG_00002619,CUST_05671,2023-08-19,Cards,9.9,Card Management
LOG_00002622,CUST_05000,2023-12-11,Payments,1.2,Balance Inquiry
LOG_00002628,CUST_02057,2023-01-27,Loans,15.8,Card Management
LOG_00002629,CUST_08129,2023-09-19,KYC,7.0,KYC Upload
LOG_00002633,CUST_04030,2024-11-24,Loans,7.5,Balance Inquiry
LOG_00002636,CUST_04343,2025-02-16,Profile,8.6,Profile
LOG_00002639,CUST_02863,2026-02-05,Payments,11.6,Card Management
LOG_00002640,CUST_00413,2024-01-05,Payments,12.3,Balance Inquiry
LOG_00002642,CUST_02097,2023-06-28,KYC,9.2,Card Management
LOG_00002643,CUST_01078,2023-07-19,Accounts,10.6,Card Management
LOG_00002644,CUST_05429,2024-05-26,Cards,4.6,Login
LOG_00002648,CUST_03413,2024-04-01,Cards,2.3,Bill Payment
LOG_00002651,CUST_09244,2023-02-28,Loans,10.1,Bill Payment
LOG_00002652,CUST_02217,2025-01-12,Cards,18.7,Login
LOG_00002656,CUST_04268,2024-01-17,Profile,3.7,KYC Upload
LOG_00002658,CUST_10059,2023-04-12,Profile,18.5,Bill Payment
LOG_00002662,CUST_08104,2023-10-24,Home,3.0,Profile
LOG_00002664,CUST_07204,2024-04-17,KYC,16.3,KYC Upload
LOG_00002665,CUST_02307,2023-02-13,Accounts,9.3,Balance Inquiry
LOG_00002669,CUST_04942,2023-03-22,Loans,3.4,Login
LOG_00002670,CUST_04845,2024-01-20,Payments,4.1,KYC Upload
LOG_00002674,CUST_09662,2023-05-13,KYC,5.6,Card Management
LOG_00002679,CUST_08656,2024-04-17,Transfers,9.5,Fund Transfer
LOG_00002680,CUST_01336,2024-10-05,Transfers,10.1,Bill Payment
LOG_00002684,CUST_03523,2023-01-04,Loans,18.6,Bill Payment
LOG_00002685,CUST_07758,2023-02-18,Accounts,27.0,KYC Upload
LOG_00002686,CUST_03800,2023-10-04,KYC,6.1,Bill Payment
LOG_00002693,CUST_02800,2026-06-20,Loans,14.2,Login
LOG_00002694,CUST_04076,2023-01-01,Cards,3.7,Balance Inquiry
LOG_00002697,CUST_04689,2023-10-13,Home,8.2,Bill Payment
LOG_00002698,CUST_09964,2023-02-05,Accounts,4.4,Card Management
LOG_00002700,CUST_06354,2023-08-19,Transfers,8.4,Bill Payment
LOG_00002708,CUST_01881,2023-10-28,Payments,6.6,Fund Transfer
LOG_00002709,CUST_05858,2023-12-13,Payments,6.5,Login
LOG_00002710,CUST_03179,2024-04-05,Accounts,14.3,Login
LOG_00002716,CUST_04988,2024-05-06,Transfers,9.2,Card Management
LOG_00002717,CUST_04537,2023-04-16,Payments,8.4,Profile
LOG_00002719,CUST_04892,2024-12-05,Loans,11.9,Balance Inquiry
LOG_00002720,CUST_08824,2023-08-27,Cards,9.6,Login
LOG_00002721,CUST_08967,2023-11-25,KYC,2.7,Profile
LOG_00002728,CUST_05672,2023-01-05,Cards,5.8,Card Management
LOG_00002729,CUST_00390,2023-01-20,Payments,22.4,Login
LOG_00002730,CUST_06305,2023-02-19,Cards,8.3,Card Management
LOG_00002731,CUST_05691,2023-02-22,KYC,8.7,Profile
LOG_00002742,CUST_00306,2023-03-24,Loans,18.1,Fund Transfer
LOG_00002752,CUST_05170,2023-12-12,Loans,12.0,KYC Upload
LOG_00002753,CUST_00318,2026-05-30,Profile,6.6,Card Management
LOG_00002757,CUST_04496,2025-04-02,Accounts,18.4,Profile
LOG_00002758,CUST_09123,2024-02-03,Loans,6.3,Balance Inquiry
LOG_00002762,CUST_01549,2023-07-24,Profile,4.3,
LOG_00002764,CUST_04474,2023-02-26,Home,4.0,Login
LOG_00002766,CUST_07914,2025-06-07,Cards,5.1,KYC Upload
LOG_00002769,CUST_09157,2024-08-22,KYC,5.4,Profile
LOG_00002773,CUST_04093,2023-08-08,KYC,9.5,KYC Upload
LOG_00002774,CUST_04750,2023-12-19,Accounts,10.7,Login
LOG_00002776,CUST_04812,2023-11-24,Profile,18.9,KYC Upload
LOG_00002779,CUST_07295,2023-04-20,Accounts,5.1,Card Management
LOG_00002780,CUST_00159,2023-11-13,Cards,10.8,Login
LOG_00002781,CUST_09574,2023-09-28,Accounts,5.5,KYC Upload
LOG_00002782,CUST_08691,2023-09-22,Cards,16.3,Profile
LOG_00002783,CUST_01426,2024-03-17,Loans,1.0,Bill Payment
LOG_00002784,CUST_09250,2023-02-11,Payments,10.3,Bill Payment
LOG_00002785,CUST_07403,2024-02-19,Accounts,14.1,Profile
LOG_00002787,CUST_06101,2023-03-10,Payments,15.2,Balance Inquiry
LOG_00002788,CUST_01946,2025-01-24,Cards,14.7,Fund Transfer
LOG_00002789,CUST_06433,2024-02-14,Cards,15.6,Card Management
LOG_00002791,CUST_02496,2024-10-19,Loans,4.1,Bill Payment
LOG_00002792,CUST_10076,2023-01-20,Cards,23.3,Card Management
LOG_00002793,CUST_04026,2023-02-25,Cards,2.7,Bill Payment
LOG_00002794,CUST_00164,2023-11-21,Home,16.4,Bill Payment
LOG_00002798,CUST_07660,2024-03-09,Loans,1.7,KYC Upload
LOG_00002801,CUST_01371,2024-10-26,Transfers,7.9,KYC Upload
LOG_00002802,CUST_00712,2023-01-18,Payments,1.3,Card Management
LOG_00002804,CUST_01221,2023-07-30,Loans,5.5,Balance Inquiry
LOG_00002806,CUST_08861,2023-01-17,Home,6.2,Profile
LOG_00002808,CUST_03241,2024-08-23,Transfers,11.0,Profile
LOG_00002811,CUST_07460,2025-03-18,Payments,5.4,KYC Upload
LOG_00002813,CUST_07998,2024-08-26,Profile,9.4,Fund Transfer
LOG_00002815,CUST_01190,2025-05-05,Loans,5.0,Profile
LOG_00002816,CUST_00499,2023-02-09,Transfers,5.3,Bill Payment
LOG_00002821,CUST_02396,2024-03-29,KYC,10.1,Fund Transfer
LOG_00002825,CUST_06444,2024-04-02,Home,44.5,Profile
LOG_00002826,CUST_06012,2026-06-01,Profile,6.7,Fund Transfer
LOG_00002828,CUST_07477,2023-08-26,Profile,3.9,Balance Inquiry
LOG_00002830,CUST_04315,2024-01-03,Home,10.8,KYC Upload
LOG_00002832,CUST_09779,2025-11-02,KYC,8.0,Fund Transfer
LOG_00002834,CUST_08609,2024-10-14,Home,24.2,Login
LOG_00002840,CUST_09163,2026-04-09,Cards,1.0,Bill Payment
LOG_00002842,CUST_10000,2024-09-23,Payments,5.1,Fund Transfer
LOG_00002845,CUST_09846,2023-12-10,Transfers,17.1,Fund Transfer
LOG_00002846,CUST_10080,2023-08-11,Cards,5.9,Profile
LOG_00002847,CUST_04195,2023-02-16,Accounts,20.0,Card Management
LOG_00002854,CUST_08559,2023-02-21,Transfers,7.5,Profile
LOG_00002855,CUST_10112,2023-01-19,Loans,11.0,Bill Payment
LOG_00002857,CUST_03405,2024-05-31,KYC,15.8,Balance Inquiry
LOG_00002858,CUST_04490,2023-05-14,Loans,12.5,Bill Payment
LOG_00002860,CUST_05943,2024-04-16,Home,8.2,Balance Inquiry
LOG_00002863,CUST_04714,2023-04-14,Transfers,9.0,
LOG_00002864,CUST_04190,2023-07-14,Home,9.2,Bill Payment
LOG_00002868,CUST_06122,2023-01-02,KYC,31.9,Login
LOG_00002869,CUST_00068,2024-12-31,Cards,7.9,Profile
LOG_00002876,CUST_09160,2023-11-19,Cards,12.1,Fund Transfer
LOG_00002878,CUST_06336,2025-01-03,Transfers,8.2,KYC Upload
LOG_00002881,CUST_00727,2023-02-09,Profile,9.5,Profile
LOG_00002886,CUST_02652,2023-08-16,Transfers,6.6,Fund Transfer
LOG_00002888,CUST_08328,2024-06-08,Home,7.5,Bill Payment
LOG_00002890,CUST_04787,2024-05-02,KYC,14.3,Balance Inquiry
LOG_00002896,CUST_05822,2023-06-01,Home,11.2,Card Management
LOG_00002898,CUST_03787,2024-04-10,Payments,17.7,Fund Transfer
LOG_00002901,CUST_03762,2026-01-02,Accounts,13.9,KYC Upload
LOG_00002902,CUST_09277,2024-01-13,Accounts,8.3,KYC Upload
LOG_00002903,CUST_05262,2023-03-18,KYC,9.0,Login
LOG_00002905,CUST_10091,2025-02-13,Payments,10.5,Balance Inquiry
LOG_00002909,CUST_06381,2024-10-21,Home,8.4,Profile
LOG_00002910,CUST_07944,2024-03-24,Cards,20.8,KYC Upload
LOG_00002916,CUST_03415,2023-03-05,Payments,4.7,Login
LOG_00002917,CUST_05450,2024-05-09,Home,4.2,Bill Payment
LOG_00002918,CUST_08998,2023-08-22,Profile,19.1,Card Management
LOG_00002920,CUST_08346,2023-12-08,Home,8.4,KYC Upload
LOG_00002924,CUST_01378,2023-04-13,Home,4.5,Fund Transfer
LOG_00002925,CUST_08549,2024-05-20,Transfers,3.3,Login
LOG_00002926,CUST_04494,2023-10-30,Cards,16.6,Card Management
LOG_00002929,CUST_01245,2025-06-09,Loans,19.2,
LOG_00002930,CUST_01319,2025-02-06,Home,20.0,Profile
LOG_00002933,CUST_04547,2024-09-21,Transfers,11.7,Bill Payment
LOG_00002935,CUST_06397,2025-10-25,Payments,14.7,Balance Inquiry
LOG_00002936,CUST_09163,2023-03-31,Home,2.7,Login
LOG_00002938,CUST_05294,2024-07-04,Home,1.7,Fund Transfer
LOG_00002943,CUST_05234,2024-05-20,Payments,22.4,Login
LOG_00002947,CUST_03451,2024-12-10,Payments,11.2,Balance Inquiry
LOG_00002948,CUST_04037,2024-02-01,Home,12.4,KYC Upload
LOG_00002955,CUST_05518,2025-01-16,Loans,25.6,KYC Upload
LOG_00002958,CUST_03141,2023-03-12,Loans,6.2,Profile
LOG_00002960,CUST_01502,2024-12-27,Home,26.6,Bill Payment
LOG_00002962,CUST_08724,2023-04-25,Loans,7.4,Login
LOG_00002964,CUST_05054,2024-03-03,Payments,15.4,Card Management
LOG_00002972,CUST_03989,2023-03-27,Home,13.4,Profile
LOG_00002973,CUST_03464,2023-03-18,Loans,6.7,Bill Payment
LOG_00002975,CUST_08319,2026-02-05,Loans,12.3,Balance Inquiry
LOG_00002978,CUST_09021,2023-03-01,KYC,13.3,Login
LOG_00002983,CUST_09472,2023-10-31,Loans,9.2,Card Management
LOG_00002991,CUST_02300,2024-07-02,Accounts,12.4,Balance Inquiry
LOG_00002994,CUST_10107,2024-06-28,Home,12.3,Fund Transfer
LOG_00002995,CUST_08342,2023-09-03,Accounts,4.1,Balance Inquiry
LOG_00002999,CUST_00592,2024-07-31,Profile,3.0,Balance Inquiry
LOG_00003000,CUST_07987,2024-06-24,KYC,11.0,Card Management
LOG_00003003,CUST_09662,2024-06-03,KYC,3.5,Bill Payment
