Txn_ID,Account_ID,Txn_Date,Txn_Type,Amount,Channel,Merchant_Category
TXN_00000012,ACC_008956,11/17/2023,Debit,13881.49,Branch,Dining
TXN_00000198,ACC_012863,06/29/2022,Credit,32737.5,UPI,Utilities
TXN_00000204,ACC_002565,10/24/2023,Credit,1616.79,UPI,Travel
TXN_00000277,ACC_009641,05/01/2025,Credit,10762.42,NetBanking,Other
TXN_00000321,ACC_013493,01/24/2026,Debit,3592.56,ATM,Dining
TXN_00000426,ACC_000966,12/12/2025,Credit,4095.18,UPI,Dining
TXN_00000428,ACC_000165,09/21/2025,Debit,2065.17,NetBanking,Other
TXN_00000464,ACC_006300,12/27/2022,Credit,1320.29,Branch,Transfer
TXN_00000570,ACC_009690,10/07/2023,Debit,3515.1,NetBanking,Investment
TXN_00000633,ACC_010806,07/07/2026,Debit,2909.19,UPI,Healthcare
TXN_00000657,ACC_005819,05/27/2026,Debit,7901.59,ATM,Education
TXN_00000669,ACC_013377,01/30/2022,Credit,4036.43,NetBanking,Investment
TXN_00000683,ACC_010738,03/27/2023,Debit,7664.39,Branch,Travel
TXN_00000990,ACC_009455,11/20/2024,Credit,9167.82,ATM,Travel
TXN_00001119,ACC_007437,06/26/2021,Debit,12881.07,UPI,Dining
TXN_00001136,ACC_001038,04/11/2026,Credit,23049.45,ATM,Education
TXN_00001138,ACC_004206,01/08/2021,Debit,1140.59,ATM,Transfer
TXN_00001147,ACC_008010,05/22/2025,Debit,2585.34,UPI,Investment
TXN_00001148,ACC_007553,07/10/2025,Debit,1844.14,Branch,Retail
TXN_00001208,ACC_008454,03/28/2023,Debit,3286.98,UPI,Education
TXN_00001325,ACC_006209,12/28/2024,Debit,433.86,UPI,Dining
TXN_00001419,ACC_006647,07/25/2021,Credit,1681.05,NetBanking,Healthcare
TXN_00001519,ACC_002071,06/10/2026,Credit,5552.92,UPI,Healthcare
TXN_00001548,ACC_004756,10/20/2021,Debit,1601.78,NetBanking,Investment
TXN_00001603,ACC_007923,02/23/2023,Credit,610.08,Branch,Healthcare
TXN_00001884,ACC_001380,04/02/2024,Debit,8465.36,ATM,Salary
TXN_00001905,ACC_008387,01/06/2026,Credit,3991.11,NetBanking,Travel
TXN_00001917,ACC_005675,08/02/2024,Debit,2463.8,ATM,Education
TXN_00001944,ACC_011640,02/16/2023,Debit,8230.23,UPI,Travel
TXN_00001946,ACC_011241,02/05/2026,Debit,5330.16,UPI,Transfer
TXN_00002049,ACC_002690,04/23/2021,Debit,851.93,NetBanking,Retail
TXN_00002117,ACC_000248,10/01/2025,Credit,1998.12,NetBanking,Other
TXN_00002197,ACC_013345,11/03/2024,Credit,6502.24,NetBanking,Salary
TXN_00002310,ACC_008260,01/19/2026,Debit,743.43,UPI,Education
TXN_00002398,ACC_003105,05/09/2024,Debit,6235.68,UPI,Retail
TXN_00002450,ACC_013948,03/16/2022,Credit,1086.03,UPI,Salary
TXN_00002554,ACC_009657,09/04/2022,Credit,12028.99,NetBanking,Transfer
TXN_00002688,ACC_002066,05/12/2025,Debit,466.04,UPI,Healthcare
TXN_00002762,ACC_000019,06/08/2021,Debit,2982.04,Branch,Dining
TXN_00002864,ACC_013523,01/25/2025,Credit,4854.14,UPI,Education
TXN_00002909,ACC_005269,09/07/2023,Credit,4074.01,UPI,Retail
TXN_00002911,ACC_011893,01/11/2023,Debit,7900.88,NetBanking,Utilities
TXN_00002940,ACC_000067,10/29/2025,Debit,2321.46,ATM,Dining
TXN_00002978,ACC_002862,04/13/2025,Credit,15213.13,UPI,Utilities
TXN_00003136,ACC_004501,08/04/2025,Credit,21951.08,ATM,Investment
TXN_00003239,ACC_010170,06/12/2026,Debit,504.18,NetBanking,Investment
TXN_00003263,ACC_008188,12/29/2022,Debit,2868.09,UPI,Other
TXN_00003322,ACC_008400,10/08/2022,Debit,27890.14,NetBanking,Dining
TXN_00003329,ACC_009138,08/08/2024,Debit,3333.7,UPI,Other
TXN_00003381,ACC_007853,10/05/2021,Debit,521.44,NetBanking,Transfer
TXN_00003408,ACC_013215,05/29/2026,Debit,196.46,ATM,Education
TXN_00003436,ACC_008475,01/13/2024,Debit,4956172.49,NetBanking,Wire Transfer
TXN_00003482,ACC_006064,05/28/2023,Credit,5571.95,NetBanking,Other
TXN_00003504,ACC_002602,12/24/2022,Credit,513.67,UPI,Education
TXN_00003505,ACC_001867,11/25/2022,Debit,517.05,UPI,Transfer
TXN_00003605,ACC_011000,08/11/2024,Debit,1467.42,UPI,Utilities
TXN_00003678,ACC_004063,01/20/2023,Debit,2506.06,Branch,Transfer
TXN_00003737,ACC_010403,08/21/2022,Debit,23753.28,UPI,Utilities
TXN_00003869,ACC_000829,05/12/2021,Debit,2395.83,UPI,Other
TXN_00003903,ACC_003674,02/03/2025,Debit,7877.55,Branch,Utilities
TXN_00003906,ACC_9999,06/04/2023,Debit,1407.15,ATM,Other
TXN_00003979,ACC_003085,01/11/2023,Debit,459.29,UPI,Healthcare
TXN_00004035,ACC_011073,07/22/2024,Debit,10696.05,UPI,Retail
TXN_00004069,ACC_000208,09/24/2025,Debit,3884.87,ATM,Dining
TXN_00004218,ACC_011781,05/31/2021,Debit,1048.85,UPI,Investment
TXN_00004243,ACC_003011,06/25/2025,Debit,572.99,UPI,Travel
TXN_00004321,ACC_013412,09/06/2022,Credit,9040.44,NetBanking,Utilities
TXN_00004363,ACC_010367,12/03/2021,Debit,9945.71,ATM,Other
TXN_00004401,ACC_005363,01/21/2024,Debit,6950.97,NetBanking,Education
TXN_00004704,ACC_006314,04/09/2023,Credit,17419.63,ATM,Other
TXN_00004744,ACC_013930,04/06/2021,Debit,2749.64,NetBanking,Healthcare
TXN_00004918,ACC_000889,08/08/2025,Credit,2328.62,UPI,Salary
TXN_00004978,ACC_008036,11/12/2022,Credit,34854.83,UPI,Transfer
TXN_00005050,ACC_003040,05/15/2021,Debit,1579.61,UPI,Other
TXN_00005051,ACC_005071,01/27/2024,Credit,2841.74,NetBanking,Healthcare
TXN_00005092,ACC_010466,07/31/2022,Debit,875.13,NetBanking,Investment
TXN_00005116,ACC_013566,06/20/2021,Debit,2233.0,UPI,Salary
TXN_00005168,ACC_009832,07/05/2024,Credit,25526.25,NetBanking,Other
TXN_00005180,ACC_013756,08/06/2022,Debit,2846.04,UPI,Salary
TXN_00005243,ACC_003376,10/25/2024,Debit,930.66,ATM,Healthcare
TXN_00005302,ACC_007861,03/26/2021,Debit,4808.66,UPI,Retail
TXN_00005521,ACC_013275,12/13/2025,Credit,5508.26,UPI,Travel
TXN_00005530,ACC_000692,07/29/2023,Debit,4513.59,ATM,Travel
TXN_00005545,ACC_000833,01/20/2023,Debit,355.89,UPI,Travel
TXN_00005587,ACC_000566,04/20/2024,Debit,1311.91,NetBanking,Dining
TXN_00005602,ACC_009433,11/26/2021,Credit,4097.8,ATM,Travel
TXN_00005637,ACC_006941,01/07/2023,Credit,4665.61,Branch,Salary
TXN_00005652,ACC_004034,10/25/2022,Credit,11559.8,NetBanking,Other
TXN_00005668,ACC_001540,04/30/2023,Debit,981.82,UPI,Other
TXN_00005689,ACC_002788,12/04/2022,Debit,1014.41,NetBanking,Transfer
TXN_00005716,ACC_009893,04/14/2021,Debit,690.98,Branch,Dining
TXN_00005737,ACC_005661,02/18/2021,Credit,13389.39,NetBanking,Salary
TXN_00005796,ACC_006484,05/06/2022,Debit,297.55,NetBanking,Transfer
TXN_00005840,ACC_011521,08/13/2025,Credit,1287.51,UPI,Utilities
TXN_00005939,ACC_013778,11/25/2022,Credit,4381.58,UPI,Utilities
TXN_00005987,ACC_006916,03/21/2021,Debit,2519.48,NetBanking,Transfer
TXN_00006062,ACC_012914,03/25/2026,Credit,5234.69,Branch,Healthcare
TXN_00006251,ACC_013063,05/25/2023,Credit,1833.86,NetBanking,Other
TXN_00006267,ACC_005069,02/20/2023,Credit,7103.3,NetBanking,Investment
TXN_00006371,ACC_009619,05/09/2026,Debit,1331.74,UPI,Other
TXN_00006479,ACC_002310,04/05/2024,Debit,13303.36,UPI,Other
TXN_00006522,ACC_003122,05/28/2025,Debit,2547.1,ATM,Utilities
TXN_00006550,ACC_012053,05/07/2023,Debit,3419.7,UPI,Travel
TXN_00006580,ACC_008198,09/10/2025,Credit,4100.37,UPI,Education
TXN_00006674,ACC_000194,09/28/2021,Credit,8009.65,UPI,Travel
TXN_00006679,ACC_013232,04/25/2022,Debit,4791.01,UPI,Healthcare
TXN_00006751,ACC_011359,07/02/2025,Debit,2030.48,UPI,Utilities
TXN_00006837,ACC_012486,04/25/2022,Debit,11798.44,ATM,Other
TXN_00006838,ACC_011383,05/22/2023,Credit,48226.69,UPI,Investment
TXN_00006867,ACC_001389,12/21/2025,Debit,5846811.54,NetBanking,Wire Transfer
TXN_00006907,ACC_012101,12/24/2021,Debit,5188.91,UPI,Dining
TXN_00006958,ACC_010905,10/15/2022,Debit,3097.66,UPI,Transfer
TXN_00007014,ACC_000029,12/17/2023,Credit,10371.44,Branch,Retail
TXN_00007112,ACC_010622,10/26/2023,Credit,7779.55,ATM,Utilities
TXN_00007212,ACC_006917,05/22/2023,Debit,472.98,NetBanking,Investment
TXN_00007324,ACC_000501,12/06/2024,Debit,11976.33,UPI,Other
TXN_00007403,ACC_012555,02/03/2025,Debit,3800.84,UPI,Transfer
TXN_00007446,ACC_008898,02/11/2026,Debit,3676.94,UPI,Investment
TXN_00007467,ACC_007709,06/15/2021,Debit,2545.34,NetBanking,Travel
TXN_00007507,ACC_010494,10/23/2025,Credit,4594.67,ATM,Travel
TXN_00007535,ACC_002502,07/31/2022,Credit,5970.55,UPI,Utilities
TXN_00007555,ACC_003768,04/08/2026,Debit,2966.0,UPI,Dining
TXN_00007566,ACC_010528,01/03/2021,Credit,8322.24,NetBanking,Salary
TXN_00007626,ACC_012963,12/08/2024,Debit,724.59,UPI,Healthcare
TXN_00007751,ACC_011896,03/15/2023,Credit,2309.07,NetBanking,Retail
TXN_00008134,ACC_010842,05/27/2026,Credit,2083.18,UPI,Dining
TXN_00008186,ACC_013691,06/17/2025,Credit,1556.02,UPI,Utilities
TXN_00008212,ACC_012456,07/05/2024,Debit,2655.63,NetBanking,Retail
TXN_00008215,ACC_005158,06/15/2021,Debit,2785.94,NetBanking,Utilities
TXN_00008251,ACC_009911,11/05/2024,Credit,43773.67,Branch,Retail
TXN_00008353,ACC_011499,06/20/2023,Credit,8807.98,ATM,Travel
TXN_00008485,ACC_003405,05/27/2025,Debit,259.66,NetBanking,Education
TXN_00008532,ACC_003030,05/15/2023,Credit,8673.23,UPI,Transfer
TXN_00008538,ACC_003178,09/08/2022,Debit,5413.71,Branch,Investment
TXN_00008543,ACC_011724,09/19/2025,Credit,878.07,NetBanking,Dining
TXN_00008605,ACC_012666,11/26/2024,Credit,2140.67,NetBanking,Salary
TXN_00008645,ACC_007773,10/09/2023,Debit,3367.2,NetBanking,Dining
TXN_00008694,ACC_003807,04/30/2023,Credit,5671.56,NetBanking,Healthcare
TXN_00008766,ACC_000686,04/06/2021,Credit,85180.84,Branch,Dining
TXN_00008767,ACC_013921,04/19/2026,Debit,3599.54,UPI,Travel
TXN_00008780,ACC_007974,06/17/2022,Credit,1689.23,Branch,Retail
TXN_00008902,ACC_012569,11/30/2024,Debit,20898.77,NetBanking,Salary
TXN_00009109,ACC_000821,07/08/2021,Credit,5704.11,UPI,Dining
TXN_00009142,ACC_013854,04/21/2025,Debit,680.57,UPI,Education
TXN_00009212,ACC_005118,05/23/2026,Credit,3115.6,ATM,Retail
TXN_00009228,ACC_008563,11/02/2023,Credit,2819.61,NetBanking,Salary
TXN_00009263,ACC_012311,10/13/2024,Debit,1901.52,NetBanking,Travel
TXN_00009410,ACC_002603,07/15/2022,Debit,336.65,NetBanking,Retail
TXN_00009479,ACC_009741,09/09/2021,Debit,4232.0,NetBanking,Other
TXN_00009563,ACC_000136,08/06/2024,Credit,2125.56,Branch,Healthcare
TXN_00009697,ACC_000622,02/13/2022,Debit,1805.55,UPI,Travel
TXN_00009766,ACC_000907,07/19/2025,Credit,4220.17,UPI,Healthcare
TXN_00009810,ACC_012035,06/16/2023,Credit,1118.35,UPI,Investment
TXN_00009874,ACC_012261,01/14/2021,Debit,5776.13,UPI,Utilities
TXN_00009875,ACC_011243,10/29/2021,Credit,3976.71,NetBanking,Dining
TXN_00009926,ACC_006449,11/02/2023,Debit,1962.94,NetBanking,Utilities
TXN_00010047,ACC_010264,01/31/2021,Debit,976.61,UPI,Transfer
TXN_00010072,ACC_000886,07/15/2023,Credit,457.69,UPI,Other
TXN_00010076,ACC_006742,01/09/2025,Credit,5525.71,Branch,Dining
TXN_00010135,ACC_001040,03/11/2022,Credit,4091.13,UPI,Salary
TXN_00010213,ACC_007319,04/05/2022,Credit,6230.41,NetBanking,Retail
TXN_00010244,ACC_9999,07/26/2024,Credit,9552.85,UPI,Utilities
TXN_00010365,ACC_004727,10/14/2021,Credit,42482.49,UPI,Travel
TXN_00010384,ACC_013746,10/03/2024,Credit,4022.78,NetBanking,Other
TXN_00010386,ACC_000325,11/29/2024,Debit,546.32,UPI,Dining
TXN_00010485,ACC_007182,03/25/2023,Debit,10940.93,ATM,Healthcare
TXN_00010490,ACC_013447,12/15/2023,Debit,2486.42,NetBanking,Healthcare
TXN_00010581,ACC_002036,06/25/2024,Credit,47217.24,UPI,Education
TXN_00010619,ACC_005593,07/05/2026,Credit,34866.21,NetBanking,Other
TXN_00010652,ACC_006573,06/22/2021,Credit,1040.35,Branch,Healthcare
TXN_00010718,ACC_011536,11/21/2021,Debit,2390.02,UPI,Retail
TXN_00010727,ACC_003607,03/27/2021,Credit,2177.06,Branch,Retail
TXN_00010805,ACC_005089,07/11/2021,Credit,1449.14,Branch,Education
TXN_00010810,ACC_013464,05/30/2023,Debit,1651.49,NetBanking,Dining
TXN_00010849,ACC_006350,08/06/2023,Credit,3501.67,ATM,Education
TXN_00010856,ACC_009707,10/10/2023,Debit,2009.21,ATM,Investment
TXN_00010925,ACC_009751,01/26/2023,Credit,5504.56,NetBanking,Dining
TXN_00011236,ACC_005077,09/13/2022,Credit,6917.31,Branch,Transfer
TXN_00011287,ACC_005262,06/13/2023,Debit,3539.43,Branch,Travel
TXN_00011399,ACC_006138,10/12/2025,Debit,2624.5,NetBanking,Retail
TXN_00011465,ACC_000395,02/27/2026,Credit,11642.18,NetBanking,Salary
TXN_00011619,ACC_003654,02/20/2022,Credit,17307.9,Branch,Investment
TXN_00011727,ACC_008077,08/08/2021,Debit,514.65,NetBanking,Healthcare
TXN_00011786,ACC_9999,08/25/2025,Debit,2386.78,UPI,Investment
TXN_00011834,ACC_010254,03/06/2024,Credit,4380.85,UPI,Healthcare
TXN_00011873,ACC_006806,02/23/2025,Debit,589.48,NetBanking,Other
TXN_00012151,ACC_006808,08/17/2024,Debit,1791.1,NetBanking,Dining
TXN_00012165,ACC_007860,02/19/2024,Credit,25013.94,Branch,Utilities
TXN_00012186,ACC_001797,02/28/2026,Debit,696.16,NetBanking,Healthcare
TXN_00012211,ACC_010241,01/26/2024,Credit,7469.45,ATM,Transfer
TXN_00012236,ACC_005099,08/30/2024,Debit,677.09,NetBanking,Education
TXN_00012244,ACC_000812,08/21/2024,Debit,8156.26,NetBanking,Other
TXN_00012347,ACC_009098,01/05/2025,Credit,66817.89,UPI,Investment
TXN_00012511,ACC_004749,12/11/2021,Debit,4383.95,UPI,Other
TXN_00012532,ACC_002243,03/11/2022,Credit,4332.14,NetBanking,Travel
TXN_00012721,ACC_005734,06/15/2023,Credit,4621.57,Branch,Transfer
TXN_00012807,ACC_012803,01/13/2026,Credit,61499.26,NetBanking,Education
TXN_00012901,ACC_004322,07/15/2026,Credit,7159.38,ATM,Travel
TXN_00012903,ACC_010062,06/16/2023,Credit,1724.87,Branch,Education
TXN_00012951,ACC_007049,04/20/2026,Debit,2308.49,UPI,Dining
TXN_00012966,ACC_009909,08/01/2024,Credit,4373.9,UPI,Transfer
TXN_00013010,ACC_011992,02/01/2024,Credit,2767.1,UPI,Transfer
TXN_00013011,ACC_003024,08/14/2024,Credit,7569.16,ATM,Retail
TXN_00013271,ACC_009770,08/30/2023,Credit,22871.99,NetBanking,Transfer
TXN_00013279,ACC_001894,03/06/2023,Debit,7971.83,UPI,Healthcare
TXN_00013360,ACC_013447,10/10/2025,Debit,521.01,UPI,Education
TXN_00013410,ACC_012755,09/16/2021,Debit,1942.44,UPI,Other
TXN_00013411,ACC_003894,02/03/2024,Debit,8329.35,NetBanking,Other
TXN_00013748,ACC_000302,09/21/2023,Debit,1268.16,UPI,Healthcare
TXN_00013866,ACC_001538,07/02/2026,Credit,993.23,NetBanking,Travel
TXN_00014018,ACC_003527,10/05/2022,Debit,1409.62,Branch,Healthcare
TXN_00014292,ACC_011530,04/14/2023,Debit,3227.59,NetBanking,Salary
TXN_00014350,ACC_007706,10/31/2023,Credit,4483.74,NetBanking,Education
TXN_00014418,ACC_005093,11/23/2021,Debit,1218.47,NetBanking,Education
TXN_00014462,ACC_006188,08/12/2021,Debit,4391.91,UPI,Healthcare
TXN_00014712,ACC_005995,06/25/2021,Debit,24091.11,NetBanking,Travel
TXN_00014739,ACC_005657,09/27/2021,Debit,2334.59,NetBanking,Salary
TXN_00014809,ACC_008767,10/06/2022,Debit,320.74,UPI,Dining
TXN_00014888,ACC_009154,05/22/2026,Debit,3919.43,ATM,Other
TXN_00014937,ACC_007395,03/21/2021,Credit,6438.45,UPI,Other
TXN_00014947,ACC_004116,01/29/2025,Debit,490.56,Branch,Salary
TXN_00014978,ACC_007249,10/15/2024,Debit,2226.3,Branch,Salary
TXN_00015035,ACC_010880,12/26/2025,Debit,4856.72,NetBanking,Education
TXN_00015215,ACC_004223,11/05/2021,Credit,13852.59,UPI,Other
TXN_00015262,ACC_006348,12/20/2022,Debit,3202.94,Branch,Travel
TXN_00015308,ACC_010263,07/20/2022,Debit,28534.25,ATM,Transfer
TXN_00015318,ACC_013116,01/01/2024,Credit,11723.61,ATM,Healthcare
TXN_00015321,ACC_010405,06/10/2022,Credit,998.1,UPI,Healthcare
TXN_00015411,ACC_004905,09/14/2023,Debit,4153.18,UPI,Other
TXN_00015442,ACC_004267,01/23/2022,Debit,4131.35,ATM,Retail
TXN_00015451,ACC_003479,05/15/2022,Debit,2315.85,UPI,Transfer
TXN_00015462,ACC_007210,08/03/2021,Credit,4458.81,UPI,Utilities
TXN_00015568,ACC_011908,08/17/2025,Debit,5215.31,UPI,Utilities
TXN_00015641,ACC_003900,10/30/2022,Debit,3657.05,UPI,Dining
TXN_00015648,ACC_002599,04/26/2022,Credit,3881.82,NetBanking,Travel
TXN_00015660,ACC_004617,05/23/2021,Credit,4171.48,ATM,Utilities
TXN_00015671,ACC_012973,02/17/2026,Debit,253.3,NetBanking,Retail
TXN_00015707,ACC_008383,10/02/2024,Credit,5786.12,ATM,Other
TXN_00015781,ACC_009176,04/07/2023,Debit,2290.9,NetBanking,Other
TXN_00015838,ACC_001680,02/18/2025,Debit,404.84,ATM,Transfer
TXN_00015849,ACC_000394,08/02/2024,Credit,4237.21,Branch,Retail
TXN_00015910,ACC_013429,10/12/2025,Debit,1276.49,Branch,Other
TXN_00015962,ACC_008047,03/03/2023,Debit,10686.82,UPI,Retail
TXN_00015998,ACC_001745,10/25/2022,Debit,10114.66,ATM,Travel
TXN_00016014,ACC_007442,08/13/2023,Debit,4688.43,UPI,Transfer
TXN_00016131,ACC_005341,04/14/2021,Debit,907.77,NetBanking,Retail
TXN_00016263,ACC_012400,02/14/2026,Credit,2582.36,Branch,Travel
TXN_00016307,ACC_011593,08/25/2024,Debit,27808.14,UPI,Transfer
TXN_00016394,ACC_000459,01/29/2022,Debit,9001.76,UPI,Retail
TXN_00016399,ACC_004187,08/16/2021,Credit,836.93,UPI,Retail
TXN_00016461,ACC_008437,05/31/2026,Credit,1813.43,NetBanking,Salary
TXN_00016664,ACC_013447,02/23/2022,Credit,806.04,UPI,Travel
TXN_00016666,ACC_000847,04/21/2021,Credit,2128.28,UPI,Other
TXN_00016776,ACC_007274,07/08/2025,Debit,2270.94,UPI,Dining
TXN_00016781,ACC_011704,08/01/2022,Credit,3172.13,ATM,Investment
TXN_00016787,ACC_005441,10/01/2021,Credit,19515.3,UPI,Travel
TXN_00016800,ACC_003697,09/01/2021,Debit,1103.2,UPI,Utilities
TXN_00016802,ACC_006881,05/21/2025,Credit,3215.18,ATM,Salary
TXN_00016960,ACC_9999,05/18/2022,Debit,1391.41,UPI,Education
TXN_00017034,ACC_006658,05/10/2026,Debit,2937.14,ATM,Utilities
TXN_00017098,ACC_002880,12/04/2025,Credit,7568.09,ATM,Travel
TXN_00017131,ACC_001441,07/30/2021,Debit,4097.54,NetBanking,Investment
TXN_00017134,ACC_002915,03/01/2024,Credit,9312.92,ATM,Education
TXN_00017316,ACC_013296,08/24/2022,Credit,1748.37,NetBanking,Education
TXN_00017363,ACC_000136,04/30/2026,Debit,2631.99,UPI,Utilities
TXN_00017368,ACC_013728,04/04/2023,Credit,17566.73,UPI,Travel
TXN_00017424,ACC_007180,12/19/2024,Credit,1054.17,UPI,Investment
TXN_00017433,ACC_009623,02/09/2025,Credit,19748.07,UPI,Investment
TXN_00017515,ACC_009925,07/15/2021,Debit,332.3,ATM,Utilities
TXN_00017715,ACC_008741,04/11/2023,Debit,8379.48,Branch,Dining
TXN_00017759,ACC_008804,09/29/2024,Debit,20417.55,ATM,Other
TXN_00017803,ACC_011509,03/03/2022,Credit,23527.25,UPI,Salary
TXN_00017829,ACC_005655,01/23/2024,Debit,297.96,ATM,Dining
TXN_00017958,ACC_007864,11/02/2022,Debit,1664.35,UPI,Investment
TXN_00018033,ACC_006248,04/09/2022,Debit,133.63,UPI,Travel
TXN_00018073,ACC_005171,04/24/2024,Credit,1690.33,Branch,Other
TXN_00018114,ACC_007853,02/22/2024,Credit,4100.01,UPI,Salary
TXN_00018243,ACC_009016,10/14/2023,Credit,16931.29,ATM,Utilities
TXN_00018247,ACC_005044,02/27/2023,Debit,1849.1,UPI,Retail
TXN_00018326,ACC_000227,09/13/2023,Debit,253.19,ATM,Retail
TXN_00018354,ACC_004550,02/01/2025,Credit,1336.92,UPI,Investment
TXN_00018369,ACC_002835,04/22/2022,Credit,4750.68,UPI,Healthcare
TXN_00018372,ACC_007504,09/27/2023,Credit,4666.25,NetBanking,Travel
TXN_00018385,ACC_002564,11/15/2021,Debit,9811.36,UPI,Retail
TXN_00018426,ACC_013926,02/26/2026,Credit,3432.98,Branch,Retail
TXN_00018439,ACC_013736,07/13/2025,Credit,25247.65,NetBanking,Education
TXN_00018489,ACC_006239,09/02/2023,Credit,7856.62,NetBanking,Travel
TXN_00018503,ACC_002220,06/21/2024,Credit,14748.23,ATM,Utilities
TXN_00018610,ACC_012009,10/24/2023,Debit,2117.73,UPI,Retail
TXN_00018611,ACC_004213,08/19/2022,Credit,4059.58,UPI,Transfer
TXN_00018653,ACC_009979,06/26/2026,Credit,6504.64,NetBanking,Retail
TXN_00018761,ACC_002220,01/13/2025,Debit,4653.11,UPI,Investment
TXN_00018777,ACC_008430,03/08/2026,Debit,8655.06,UPI,Transfer
TXN_00018779,ACC_002559,11/21/2023,Debit,697.57,ATM,Salary
TXN_00018896,ACC_007406,05/22/2023,Debit,18887.13,UPI,Education
TXN_00018930,ACC_009160,02/26/2024,Debit,3970.12,ATM,Salary
TXN_00019001,ACC_009242,06/07/2024,Credit,912.77,UPI,Salary
TXN_00019056,ACC_009156,05/04/2023,Debit,1574.7,NetBanking,Investment
TXN_00019126,ACC_000779,04/25/2022,Debit,6976.15,NetBanking,Investment
TXN_00019127,ACC_007418,03/30/2026,Credit,65802.77,Branch,Retail
TXN_00019128,ACC_012124,10/03/2022,Debit,1310.76,NetBanking,Other
TXN_00019259,ACC_002200,11/20/2023,Credit,7676.18,NetBanking,Investment
TXN_00019363,ACC_010286,09/03/2023,Debit,719.61,ATM,Other
TXN_00019519,ACC_007283,07/15/2025,Debit,5560.84,UPI,Transfer
TXN_00019564,ACC_001524,08/16/2021,Debit,1716.72,Branch,Education
TXN_00019594,ACC_006962,09/24/2025,Credit,13886.66,ATM,Education
TXN_00019600,ACC_004237,03/27/2021,Debit,3798.09,Branch,Transfer
TXN_00019636,ACC_005237,01/14/2021,Debit,1127.8,NetBanking,Salary
TXN_00019661,ACC_001641,02/18/2021,Debit,1925.69,ATM,Salary
TXN_00019747,ACC_004841,07/23/2025,Debit,2602.79,NetBanking,Utilities
TXN_00019757,ACC_009083,01/26/2023,Debit,839.63,NetBanking,Education
TXN_00019823,ACC_006614,04/26/2026,Credit,40391.59,UPI,Transfer
TXN_00019909,ACC_010030,11/22/2023,Debit,778.12,NetBanking,Utilities
TXN_00019935,ACC_000060,03/29/2025,Debit,11948.6,UPI,Travel
TXN_00019948,ACC_008048,05/06/2023,Credit,10878.63,UPI,Other
TXN_00020156,ACC_006520,06/13/2024,Credit,20016.52,UPI,Other
TXN_00020185,ACC_007338,11/14/2025,Credit,4647.7,NetBanking,Retail
TXN_00020277,ACC_013501,06/02/2023,Debit,882.65,NetBanking,Education
TXN_00020372,ACC_012639,03/30/2021,Debit,4084.84,UPI,Travel
TXN_00020415,ACC_013037,09/04/2022,Debit,77554.16,UPI,Utilities
TXN_00020530,ACC_009199,03/04/2022,Debit,17601.13,UPI,Other
TXN_00020605,ACC_012098,06/18/2021,Credit,1131.01,UPI,Transfer
TXN_00020618,ACC_012350,06/23/2021,Debit,6644.29,UPI,Other
TXN_00020636,ACC_005248,07/16/2025,Debit,3917.96,NetBanking,Other
TXN_00020731,ACC_000588,08/19/2023,Debit,14442.97,NetBanking,Transfer
TXN_00020749,ACC_004767,10/17/2024,Credit,582.48,UPI,Transfer
TXN_00020849,ACC_010705,09/24/2023,Debit,4207.35,UPI,Dining
TXN_00020927,ACC_013974,06/09/2025,Credit,3919.88,UPI,Education
TXN_00020930,ACC_009004,05/24/2024,Debit,3260.64,NetBanking,Education
TXN_00020946,ACC_005060,11/20/2022,Credit,6223.05,NetBanking,Healthcare
TXN_00020998,ACC_009459,11/28/2025,Credit,2741.18,ATM,Other
TXN_00021077,ACC_002345,04/01/2024,Debit,9999.5,Branch,Investment
TXN_00021141,ACC_007805,02/28/2021,Credit,8625.66,UPI,Transfer
TXN_00021170,ACC_005684,02/02/2021,Debit,8139.79,UPI,Investment
TXN_00021180,ACC_007502,02/27/2024,Credit,8730.52,NetBanking,Travel
TXN_00021190,ACC_013567,07/20/2026,Debit,656.37,Branch,Transfer
TXN_00021297,ACC_004737,06/01/2024,Credit,2307.3,UPI,Retail
TXN_00021320,ACC_001818,12/28/2025,Credit,1891.69,UPI,Utilities
TXN_00021322,ACC_004742,09/26/2023,Credit,9704.92,UPI,Dining
TXN_00021335,ACC_003208,09/05/2024,Credit,7154.77,NetBanking,Dining
TXN_00021392,ACC_001974,02/22/2025,Debit,3194.24,UPI,Retail
TXN_00021430,ACC_013765,08/14/2025,Credit,5438.57,UPI,Retail
TXN_00021432,ACC_013160,06/30/2021,Debit,357.36,UPI,Transfer
TXN_00021464,ACC_004291,04/17/2024,Debit,29525.74,NetBanking,Travel
TXN_00021486,ACC_008241,10/12/2022,Credit,881.65,ATM,Other
TXN_00021488,ACC_000686,04/17/2026,Credit,19182.98,ATM,Utilities
TXN_00021552,ACC_009366,07/04/2026,Debit,10696.85,Branch,Utilities
TXN_00021586,ACC_010644,10/25/2023,Debit,558.27,NetBanking,Retail
TXN_00021594,ACC_000156,09/14/2022,Debit,893.25,UPI,Healthcare
TXN_00021709,ACC_007892,01/18/2021,Debit,2010.09,UPI,Healthcare
TXN_00021733,ACC_013528,08/14/2023,Debit,2565.69,NetBanking,Healthcare
TXN_00021755,ACC_007271,01/06/2021,Credit,4115.45,UPI,Transfer
TXN_00021767,ACC_008165,08/12/2021,Credit,12758.96,NetBanking,Healthcare
TXN_00021839,ACC_008958,08/07/2023,Debit,15447.8,UPI,Travel
TXN_00021870,ACC_011881,12/07/2025,Credit,11268.62,ATM,Investment
TXN_00021885,ACC_003744,12/07/2021,Debit,21467.55,NetBanking,Other
TXN_00021896,ACC_004775,05/01/2022,Debit,6393.34,Branch,Investment
TXN_00021905,ACC_007190,05/10/2021,Debit,7033.16,UPI,Education
TXN_00021942,ACC_009335,06/21/2026,Debit,2284.1,UPI,Transfer
TXN_00021977,ACC_009774,03/03/2024,Debit,13084.0,UPI,Investment
TXN_00022031,ACC_003816,12/25/2025,Credit,7138.94,ATM,Other
TXN_00022122,ACC_001848,10/19/2023,Debit,4038.2,ATM,Utilities
TXN_00022210,ACC_005686,04/02/2025,Debit,24065.24,UPI,Retail
TXN_00022229,ACC_013223,06/21/2026,Credit,7524.09,Branch,Investment
TXN_00022295,ACC_007239,07/21/2026,Debit,1852.49,UPI,Transfer
TXN_00022344,ACC_006085,02/23/2025,Credit,16099.79,UPI,Retail
TXN_00022385,ACC_003445,07/15/2022,Debit,2887.93,UPI,Dining
TXN_00022497,ACC_003690,04/16/2021,Credit,3270.68,ATM,Utilities
TXN_00022515,ACC_005167,07/28/2026,Credit,1501.75,NetBanking,Investment
TXN_00022600,ACC_012774,08/14/2022,Credit,5738.82,UPI,Healthcare
TXN_00022655,ACC_009152,10/10/2021,Credit,10518.47,UPI,Transfer
TXN_00022697,ACC_005417,06/13/2021,Credit,550.66,NetBanking,Investment
TXN_00022703,ACC_006267,08/26/2022,Debit,1442.21,NetBanking,Utilities
TXN_00022706,ACC_010104,05/26/2025,Credit,4000.12,NetBanking,Investment
TXN_00022810,ACC_004331,09/06/2023,Debit,690.61,UPI,Salary
TXN_00022878,ACC_012984,10/03/2022,Credit,3965.97,UPI,Transfer
TXN_00022910,ACC_001411,08/16/2025,Debit,12141.41,Branch,Travel
TXN_00022923,ACC_010133,10/16/2025,Credit,466.38,UPI,Dining
TXN_00023257,ACC_011433,06/08/2021,Debit,4791.42,NetBanking,Salary
TXN_00023271,ACC_001373,01/12/2023,Credit,6391.93,UPI,Transfer
TXN_00023342,ACC_011268,12/02/2024,Credit,800.99,UPI,Education
TXN_00023470,ACC_007077,09/05/2023,Debit,1249.92,UPI,Utilities
TXN_00023562,ACC_011525,08/16/2024,Debit,3859.95,UPI,Dining
TXN_00023569,ACC_010603,02/08/2021,Credit,8598.31,UPI,Transfer
TXN_00023895,ACC_009041,05/23/2025,Credit,7317.78,Branch,Salary
TXN_00023917,ACC_9999,07/12/2022,Credit,17179.92,UPI,Retail
TXN_00023940,ACC_007734,12/30/2025,Credit,2933.19,ATM,Investment
TXN_00023947,ACC_005626,09/29/2024,Debit,3346.52,NetBanking,Healthcare
TXN_00023982,ACC_001389,01/06/2025,Debit,23865.32,UPI,Other
TXN_00024007,ACC_003560,03/01/2025,Debit,1475.66,NetBanking,Retail
TXN_00024021,ACC_004044,11/21/2021,Debit,13047.62,UPI,Travel
TXN_00024025,ACC_008005,12/10/2021,Debit,7691.68,Branch,Retail
TXN_00024151,ACC_007863,06/21/2022,Credit,8084.68,NetBanking,Travel
TXN_00024194,ACC_013835,08/12/2024,Debit,28455.36,ATM,Salary
TXN_00024243,ACC_013704,04/12/2026,Credit,3523.03,UPI,Transfer
TXN_00024329,ACC_004986,12/25/2021,Debit,6535.33,NetBanking,Utilities
TXN_00024442,ACC_013558,03/31/2024,Credit,1407.47,UPI,Healthcare
TXN_00024492,ACC_000243,01/02/2024,Credit,1141.06,UPI,Utilities
TXN_00024502,ACC_003229,11/08/2023,Debit,1503.87,ATM,Healthcare
TXN_00024520,ACC_001745,01/17/2026,Debit,2839.99,UPI,Salary
TXN_00024522,ACC_011066,08/08/2021,Credit,3827.66,NetBanking,Investment
TXN_00024637,ACC_009601,12/28/2025,Debit,3552.0,ATM,Utilities
TXN_00024769,ACC_002589,02/15/2021,Credit,6005.86,UPI,Education
TXN_00024777,ACC_008260,10/01/2021,Debit,1272.78,UPI,Healthcare
TXN_00025021,ACC_013290,10/19/2021,Debit,6287.04,ATM,Retail
TXN_00025048,ACC_004037,07/24/2023,Debit,758.73,ATM,Utilities
TXN_00025119,ACC_008996,04/07/2022,Credit,21340.04,ATM,Dining
TXN_00025132,ACC_008518,06/21/2024,Credit,5427.12,UPI,Utilities
TXN_00025143,ACC_010897,03/23/2022,Credit,3208.66,NetBanking,Investment
TXN_00025166,ACC_004627,11/22/2021,Debit,9542.29,UPI,Utilities
TXN_00025234,ACC_006932,12/12/2025,Credit,8163.84,UPI,Education
TXN_00025257,ACC_002383,09/21/2022,Debit,35254.31,UPI,Education
TXN_00025282,ACC_012354,02/08/2021,Debit,2478.89,ATM,Retail
TXN_00025497,ACC_004405,01/29/2023,Credit,2408.29,ATM,Travel
TXN_00025602,ACC_005844,05/11/2022,Debit,6826.74,NetBanking,Education
TXN_00025739,ACC_001576,06/26/2025,Debit,8249.78,NetBanking,Investment
TXN_00025771,ACC_009383,04/08/2025,Debit,2132.58,NetBanking,Healthcare
TXN_00025825,ACC_009028,02/18/2021,Debit,1432.81,UPI,Investment
TXN_00025925,ACC_003910,10/27/2024,Debit,4542.71,UPI,Healthcare
TXN_00025951,ACC_002782,11/19/2021,Credit,4507.18,NetBanking,Transfer
TXN_00026006,ACC_008821,05/07/2026,Debit,8069.72,NetBanking,Healthcare
TXN_00026033,ACC_012104,02/27/2026,Debit,3817.33,ATM,Salary
TXN_00026045,ACC_002474,03/17/2025,Debit,207.77,Branch,Transfer
TXN_00026073,ACC_012434,07/22/2026,Debit,3583.85,Branch,Dining
TXN_00026098,ACC_9999,08/14/2024,Credit,4673.98,Branch,Transfer
TXN_00026241,ACC_011685,10/09/2022,Credit,6735.89,ATM,Travel
TXN_00026249,ACC_010792,09/03/2025,Debit,7299.23,UPI,Investment
TXN_00026320,ACC_001326,11/10/2025,Credit,1313.34,ATM,Travel
TXN_00026433,ACC_012533,04/23/2022,Credit,13043.01,NetBanking,Salary
TXN_00026674,ACC_002097,11/24/2023,Credit,8511.36,UPI,Investment
TXN_00026723,ACC_009586,04/16/2024,Debit,773.65,UPI,Travel
TXN_00026758,ACC_001492,09/01/2021,Credit,6436.94,UPI,Transfer
TXN_00026763,ACC_010917,07/07/2025,Credit,1209.47,UPI,Salary
TXN_00026830,ACC_000062,05/20/2024,Credit,7017.64,NetBanking,Transfer
TXN_00026923,ACC_002288,10/23/2021,Credit,6606.78,UPI,Education
TXN_00026958,ACC_009508,07/29/2022,Debit,1337.61,Branch,Education
TXN_00027134,ACC_011400,02/23/2021,Debit,4890.68,UPI,Utilities
TXN_00027168,ACC_013437,06/13/2024,Credit,2121.82,ATM,Investment
TXN_00027230,ACC_003837,03/03/2021,Credit,10078.07,UPI,Other
TXN_00027281,ACC_011394,08/01/2025,Credit,3279.17,UPI,Education
TXN_00027295,ACC_006571,09/01/2024,Debit,827.11,NetBanking,Investment
TXN_00027340,ACC_010950,01/23/2023,Debit,20409.79,UPI,Utilities
TXN_00027346,ACC_012948,01/01/2025,Credit,7605.52,ATM,Education
TXN_00027374,ACC_007551,04/05/2026,Debit,1953.84,NetBanking,Retail
TXN_00027404,ACC_003427,06/02/2024,Debit,979815.97,NetBanking,Wire Transfer
TXN_00027559,ACC_010051,12/14/2022,Debit,3539.54,UPI,Salary
TXN_00027664,ACC_000549,03/25/2022,Debit,7173.24,NetBanking,Transfer
TXN_00027925,ACC_009446,08/07/2021,Credit,6406.5,UPI,Investment
TXN_00027989,ACC_003704,05/08/2021,Credit,283.35,ATM,Retail
TXN_00028137,ACC_009632,07/05/2024,Debit,822.53,NetBanking,Salary
TXN_00028291,ACC_010537,11/27/2025,Debit,3964.34,Branch,Dining
TXN_00028336,ACC_007451,01/29/2026,Debit,2664.75,Branch,Utilities
TXN_00028373,ACC_006620,02/09/2021,Debit,905.22,Branch,Retail
TXN_00028483,ACC_002796,03/27/2022,Debit,7175.58,ATM,Education
TXN_00028517,ACC_012843,05/27/2026,Credit,3434.17,UPI,Salary
TXN_00028628,ACC_003610,08/02/2023,Debit,5588.91,NetBanking,Other
TXN_00028715,ACC_010537,06/17/2022,Debit,912.42,NetBanking,Retail
TXN_00028817,ACC_003337,08/13/2023,Debit,1292.61,NetBanking,Salary
TXN_00028848,ACC_013280,08/21/2023,Debit,1684.96,NetBanking,Travel
TXN_00029001,ACC_008460,07/16/2024,Debit,10656.79,UPI,Retail
TXN_00029057,ACC_012511,12/20/2022,Debit,3348.12,ATM,Travel
TXN_00029090,ACC_002753,11/12/2022,Debit,10168.59,UPI,Transfer
TXN_00029110,ACC_010168,03/15/2024,Debit,1188.46,Branch,Dining
TXN_00029152,ACC_009691,07/30/2022,Debit,1833.76,NetBanking,Other
TXN_00029181,ACC_007834,05/16/2026,Debit,255.83,UPI,Investment
TXN_00029213,ACC_008411,01/28/2022,Credit,1904.33,UPI,Other
TXN_00029303,ACC_001735,02/03/2025,Debit,3202.58,ATM,Utilities
TXN_00029334,ACC_012781,02/22/2021,Credit,8384.88,NetBanking,Salary
TXN_00029348,ACC_001520,09/01/2025,Debit,12153.24,NetBanking,Utilities
TXN_00029395,ACC_008741,08/17/2021,Debit,3297.32,NetBanking,Other
TXN_00029425,ACC_003178,02/26/2022,Debit,8444.56,UPI,Investment
TXN_00029493,ACC_001738,10/11/2023,Credit,668.55,ATM,Other
TXN_00029642,ACC_004123,04/01/2024,Debit,2275.6,ATM,Healthcare
TXN_00029650,ACC_003351,11/13/2022,Credit,27839.35,NetBanking,Healthcare
TXN_00029711,ACC_011821,01/01/2023,Debit,6836.47,ATM,Investment
TXN_00029745,ACC_011298,08/28/2021,Credit,836.25,UPI,Utilities
TXN_00029817,ACC_010184,11/24/2023,Credit,991.99,NetBanking,Investment
TXN_00030000,ACC_011725,11/02/2025,Debit,2282.08,UPI,Retail
TXN_00030060,ACC_001044,01/12/2022,Debit,21236.35,UPI,Transfer
TXN_00030066,ACC_003945,10/18/2022,Debit,6073.34,UPI,Healthcare
TXN_00030111,ACC_002941,12/20/2024,Debit,7376.24,NetBanking,Education
TXN_00030419,ACC_012535,09/24/2024,Credit,317.52,UPI,Healthcare
TXN_00030621,ACC_009140,02/28/2025,Credit,5572.23,UPI,Investment
TXN_00030719,ACC_003515,05/08/2025,Credit,8129.98,NetBanking,Salary
TXN_00030775,ACC_004643,06/21/2025,Debit,1102.52,UPI,Retail
TXN_00030817,ACC_005570,06/27/2021,Credit,2455.11,Branch,Transfer
TXN_00031014,ACC_007181,10/08/2024,Debit,7849.03,UPI,Transfer
TXN_00031111,ACC_009652,11/28/2022,Credit,1039.4,UPI,Healthcare
TXN_00031116,ACC_002575,10/10/2025,Credit,6565.06,UPI,Other
TXN_00031140,ACC_013484,04/08/2025,Debit,1461.67,NetBanking,Dining
TXN_00031149,ACC_013689,04/15/2024,Credit,7692.85,ATM,Salary
TXN_00031392,ACC_003656,05/26/2025,Debit,1573.65,Branch,Salary
TXN_00031497,ACC_012070,06/05/2023,Debit,118.71,ATM,Other
TXN_00031508,ACC_008783,02/28/2025,Debit,8711.77,UPI,Education
TXN_00031532,ACC_013969,04/19/2025,Credit,39722.52,UPI,Other
TXN_00031681,ACC_010035,10/14/2022,Credit,10202.46,NetBanking,Other
TXN_00031697,ACC_004059,06/25/2022,Debit,534.06,UPI,Retail
TXN_00031838,ACC_005407,08/02/2022,Debit,4648.08,Branch,Other
TXN_00031986,ACC_003967,05/01/2022,Debit,7255.6,NetBanking,Investment
TXN_00032127,ACC_007296,10/14/2025,Debit,1637.24,ATM,Investment
TXN_00032166,ACC_009697,07/15/2025,Debit,2847.6,NetBanking,Transfer
TXN_00032299,ACC_007096,08/21/2025,Credit,44102.43,ATM,Investment
TXN_00032335,ACC_009492,12/21/2021,Debit,1097.22,NetBanking,Dining
TXN_00032412,ACC_005737,06/29/2022,Debit,5427.97,ATM,Investment
TXN_00032436,ACC_003083,05/29/2023,Debit,3249.07,Branch,Transfer
TXN_00032457,ACC_009102,10/13/2021,Credit,4654.17,NetBanking,Retail
TXN_00032491,ACC_010368,08/19/2023,Credit,7905.85,ATM,Transfer
TXN_00032530,ACC_004101,12/24/2022,Debit,1359.89,NetBanking,Retail
TXN_00032720,ACC_005327,04/08/2022,Credit,6150.95,NetBanking,Retail
TXN_00032852,ACC_006809,10/21/2023,Debit,4048.11,ATM,Utilities
TXN_00032854,ACC_009297,08/08/2021,Debit,675.0,UPI,Dining
TXN_00032981,ACC_000191,12/19/2025,Debit,5358.47,UPI,Investment
TXN_00033043,ACC_005389,05/28/2022,Debit,3243.09,UPI,Retail
TXN_00033245,ACC_005149,04/16/2022,Debit,4632.67,UPI,Healthcare
TXN_00033334,ACC_002115,04/02/2025,Debit,2048.83,UPI,Travel
TXN_00033658,ACC_012478,10/10/2021,Credit,4749.03,UPI,Transfer
TXN_00033661,ACC_012215,08/20/2025,Debit,4056.7,UPI,Transfer
TXN_00033695,ACC_004184,09/20/2023,Credit,1187.36,UPI,Retail
TXN_00033925,ACC_009703,02/14/2021,Debit,17046.03,ATM,Healthcare
TXN_00034083,ACC_001722,05/13/2022,Credit,1137.52,NetBanking,Utilities
TXN_00034234,ACC_011025,10/22/2024,Debit,3251.66,NetBanking,Transfer
TXN_00034243,ACC_011222,06/25/2022,Credit,74167.62,UPI,Transfer
TXN_00034466,ACC_004110,11/18/2024,Credit,2802.99,UPI,Utilities
TXN_00034485,ACC_000403,11/05/2023,Credit,6072.09,ATM,Other
TXN_00034551,ACC_006542,05/26/2026,Credit,42226.23,ATM,Investment
TXN_00034589,ACC_004088,03/29/2021,Credit,6174.01,UPI,Dining
TXN_00034642,ACC_008286,11/10/2025,Credit,20192.51,UPI,Dining
TXN_00034648,ACC_003379,11/12/2025,Debit,2072.23,ATM,Transfer
TXN_00034670,ACC_012698,04/15/2026,Debit,1657.42,ATM,Dining
TXN_00034892,ACC_002744,03/13/2026,Debit,3184.92,UPI,Transfer
TXN_00034973,ACC_002461,05/19/2026,Credit,968.58,UPI,Utilities
TXN_00034992,ACC_007098,11/19/2022,Credit,5668.32,UPI,Transfer
TXN_00034993,ACC_012712,06/05/2022,Credit,328.11,NetBanking,Education
TXN_00035055,ACC_002760,04/21/2025,Debit,6504.51,Branch,Retail
TXN_00035059,ACC_009294,06/08/2021,Debit,6561.19,UPI,Dining
TXN_00035095,ACC_008807,02/22/2025,Debit,9762.51,NetBanking,Education
TXN_00035099,ACC_006188,11/11/2023,Debit,1440.95,Branch,Utilities
TXN_00035151,ACC_001047,07/07/2021,Debit,1846.28,UPI,Healthcare
TXN_00035222,ACC_005531,06/26/2022,Debit,619.56,NetBanking,Other
TXN_00035307,ACC_008990,09/04/2023,Credit,5344.78,UPI,Utilities
TXN_00035382,ACC_007673,03/14/2023,Debit,7667.52,UPI,Utilities
TXN_00035420,ACC_004597,05/29/2024,Debit,343.47,ATM,Investment
TXN_00035526,ACC_008139,11/06/2021,Debit,5458.64,UPI,Healthcare
TXN_00035634,ACC_004852,12/14/2021,Debit,1698.22,NetBanking,Salary
TXN_00035677,ACC_002201,03/13/2022,Credit,22141.67,NetBanking,Salary
TXN_00035713,ACC_007658,04/20/2023,Debit,1298.7,Branch,Investment
TXN_00035717,ACC_009112,09/16/2024,Credit,3764.1,UPI,Travel
TXN_00035795,ACC_006045,09/16/2023,Debit,1565.03,NetBanking,Salary
TXN_00035908,ACC_011698,06/25/2022,Debit,5500.3,NetBanking,Other
TXN_00036067,ACC_004886,06/27/2024,Credit,4767.31,UPI,Utilities
TXN_00036196,ACC_009132,02/02/2021,Credit,4075.06,NetBanking,Utilities
TXN_00036294,ACC_007038,11/18/2024,Credit,20464.51,NetBanking,Education
TXN_00036418,ACC_005508,07/05/2025,Debit,2418.11,UPI,Utilities
TXN_00036454,ACC_006438,07/31/2025,Credit,17718.1,UPI,Retail
TXN_00036469,ACC_004960,01/31/2023,Debit,5101.08,UPI,Transfer
TXN_00036642,ACC_001974,07/30/2022,Credit,1256.69,ATM,Travel
TXN_00036686,ACC_010276,03/01/2022,Debit,3312.38,UPI,Retail
TXN_00036736,ACC_007100,07/22/2022,Credit,5280.15,UPI,Salary
TXN_00036754,ACC_005224,12/18/2024,Debit,2340.84,UPI,Utilities
TXN_00036790,ACC_007815,03/05/2022,Debit,11041.67,UPI,Utilities
TXN_00036812,ACC_001087,12/15/2025,Credit,579.94,UPI,Healthcare
TXN_00036864,ACC_013563,05/31/2023,Debit,1643.63,ATM,Other
TXN_00036942,ACC_011919,04/15/2022,Debit,2024.98,UPI,Transfer
TXN_00036944,ACC_006509,04/04/2023,Credit,22369.36,NetBanking,Education
TXN_00036948,ACC_010266,04/05/2021,Debit,6095.57,ATM,Retail
TXN_00036949,ACC_004876,03/17/2026,Debit,51132.14,NetBanking,Utilities
TXN_00036981,ACC_001129,12/24/2021,Debit,13694.44,NetBanking,Utilities
TXN_00036992,ACC_007812,11/14/2024,Debit,2228.68,ATM,Utilities
TXN_00037070,ACC_010006,06/09/2021,Debit,177.71,ATM,Utilities
TXN_00037073,ACC_010147,01/25/2022,Debit,7767.92,UPI,Transfer
TXN_00037255,ACC_008643,10/08/2024,Debit,2484.84,UPI,Retail
TXN_00037451,ACC_011455,09/24/2021,Debit,5682.71,UPI,Utilities
TXN_00037469,ACC_011822,11/06/2023,Credit,2447.99,Branch,Travel
TXN_00037695,ACC_001366,10/19/2025,Credit,4872.99,ATM,Investment
TXN_00037766,ACC_005231,10/12/2021,Credit,558.6,UPI,Utilities
TXN_00037791,ACC_006178,04/04/2025,Credit,5268.01,ATM,Dining
TXN_00037803,ACC_010246,09/01/2024,Credit,11031.59,UPI,Salary
TXN_00037893,ACC_013270,12/14/2021,Credit,1070.05,Branch,Transfer
TXN_00037938,ACC_011113,03/03/2024,Credit,19731.95,UPI,Utilities
TXN_00037939,ACC_008144,08/09/2026,Credit,8349.91,UPI,Salary
TXN_00037994,ACC_009000,04/04/2022,Debit,4297.02,UPI,Dining
TXN_00038014,ACC_001025,04/06/2022,Debit,404.69,UPI,Transfer
TXN_00038037,ACC_001052,07/21/2025,Debit,1671.49,ATM,Salary
TXN_00038110,ACC_013590,11/14/2022,Debit,1060.11,UPI,Investment
TXN_00038148,ACC_013624,04/20/2021,Credit,1096.51,Branch,Salary
TXN_00038235,ACC_012924,08/29/2022,Debit,1816.36,Branch,Retail
TXN_00038251,ACC_004433,08/15/2021,Debit,1229.99,ATM,Utilities
TXN_00038264,ACC_012260,11/28/2022,Credit,442.87,NetBanking,Salary
TXN_00038298,ACC_000646,12/01/2022,Credit,1268.03,UPI,Salary
TXN_00038311,ACC_010750,04/01/2026,Debit,1213.75,UPI,Other
TXN_00038400,ACC_009530,11/20/2024,Credit,1038.71,ATM,Travel
TXN_00038429,ACC_005036,05/20/2022,Credit,7794.63,NetBanking,Travel
TXN_00038452,ACC_008188,02/10/2026,Credit,8167.8,UPI,Healthcare
TXN_00038569,ACC_006097,11/01/2022,Debit,2606.06,ATM,Transfer
TXN_00038596,ACC_003033,02/19/2024,Credit,5566.51,ATM,Healthcare
TXN_00038611,ACC_010337,05/28/2021,Credit,2508.8,UPI,Other
TXN_00038855,ACC_004336,06/03/2025,Debit,2063.34,UPI,Dining
TXN_00038895,ACC_006097,07/08/2023,Credit,17218.81,UPI,Utilities
TXN_00038911,ACC_003154,07/27/2021,Debit,1578.55,UPI,Healthcare
TXN_00038934,ACC_001637,04/28/2022,Credit,8613.44,UPI,Dining
TXN_00038936,ACC_004933,02/26/2025,Credit,30436.56,UPI,Dining
TXN_00038939,ACC_013436,01/14/2022,Debit,3090.58,NetBanking,Other
TXN_00039018,ACC_007496,07/03/2023,Debit,2096.75,NetBanking,Dining
TXN_00039077,ACC_008329,04/01/2024,Debit,4546.64,UPI,Investment
TXN_00039090,ACC_012889,08/08/2023,Debit,5605.11,ATM,Travel
TXN_00039106,ACC_010683,02/07/2026,Debit,3487.72,NetBanking,Salary
TXN_00039127,ACC_013822,01/13/2021,Credit,3920.1,UPI,Dining
TXN_00039158,ACC_009388,05/22/2022,Debit,2931.11,ATM,Other
TXN_00039174,ACC_004475,03/23/2021,Debit,9589.5,NetBanking,Dining
TXN_00039223,ACC_010907,05/16/2023,Debit,741.79,ATM,Dining
TXN_00039269,ACC_006487,06/07/2022,Debit,1873.65,UPI,Travel
TXN_00039309,ACC_000279,01/03/2023,Debit,1590.33,NetBanking,Investment
TXN_00039346,ACC_001073,10/05/2025,Debit,3747.58,Branch,Salary
TXN_00039390,ACC_006212,08/13/2025,Credit,2042.94,NetBanking,Travel
TXN_00039461,ACC_005223,08/14/2022,Credit,2050.38,NetBanking,Investment
TXN_00039564,ACC_012113,04/27/2026,Debit,2549.52,UPI,Investment
TXN_00039610,ACC_003522,03/19/2021,Debit,6742.81,NetBanking,Healthcare
TXN_00039739,ACC_009222,09/06/2025,Debit,969.09,UPI,Utilities
TXN_00039879,ACC_004006,12/17/2024,Credit,10705.84,UPI,Travel
TXN_00039970,ACC_006787,05/08/2022,Credit,27641.78,UPI,Utilities
TXN_00040164,ACC_003814,02/10/2025,Credit,11640.98,ATM,Healthcare
TXN_00040173,ACC_004074,09/11/2025,Debit,1485.77,UPI,Other
TXN_00040200,ACC_002068,10/26/2021,Credit,3787.22,UPI,Travel
TXN_00040205,ACC_002851,04/09/2026,Debit,2956.2,NetBanking,Other
TXN_00040351,ACC_012292,08/24/2025,Credit,7770.27,UPI,Other
TXN_00040493,ACC_000771,02/01/2023,Credit,7330.32,NetBanking,Healthcare
TXN_00040508,ACC_010303,03/29/2023,Credit,923.49,UPI,Utilities
TXN_00040687,ACC_005167,02/18/2024,Credit,2989.44,ATM,Education
TXN_00040752,ACC_003767,02/02/2025,Debit,425.61,Branch,Transfer
TXN_00040765,ACC_002225,09/06/2022,Credit,3957.73,UPI,Healthcare
TXN_00040861,ACC_000234,04/13/2026,Credit,9618.3,NetBanking,Utilities
TXN_00040868,ACC_011614,03/11/2026,Credit,35712.5,NetBanking,Utilities
TXN_00040943,ACC_000878,06/06/2026,Debit,2355.69,UPI,Healthcare
TXN_00041125,ACC_009584,03/11/2021,Debit,10644.48,UPI,Transfer
TXN_00041290,ACC_006095,08/10/2025,Debit,11832.21,UPI,Education
TXN_00041622,ACC_003528,08/12/2022,Credit,3291.41,NetBanking,Retail
TXN_00041628,ACC_001135,05/11/2022,Debit,3227.88,ATM,Transfer
TXN_00041781,ACC_010758,08/18/2024,Credit,4173.72,NetBanking,Utilities
TXN_00041879,ACC_010193,11/06/2021,Credit,13865.67,ATM,Travel
TXN_00041912,ACC_011280,08/10/2022,Debit,645.93,NetBanking,Education
TXN_00042016,ACC_007876,08/05/2026,Credit,4392.67,UPI,Travel
TXN_00042155,ACC_002904,06/17/2026,Debit,1283.99,UPI,Education
TXN_00042189,ACC_000649,03/10/2026,Debit,4885.19,UPI,Education
TXN_00042308,ACC_013533,05/17/2024,Credit,2359.92,UPI,Salary
TXN_00042346,ACC_012399,07/12/2021,Debit,4503.7,UPI,Other
TXN_00042352,ACC_005853,08/16/2022,Debit,11669.99,Branch,Healthcare
TXN_00042360,ACC_009306,09/25/2025,Credit,477.22,UPI,Transfer
TXN_00042367,ACC_002450,05/14/2024,Credit,14068.68,ATM,Healthcare
TXN_00042438,ACC_002128,10/07/2022,Debit,29347.21,NetBanking,Utilities
TXN_00042514,ACC_009917,08/06/2024,Credit,3943.52,NetBanking,Retail
TXN_00042521,ACC_012122,07/07/2021,Debit,966.78,UPI,Healthcare
TXN_00042680,ACC_004715,07/20/2023,Credit,1671.38,UPI,Education
TXN_00042783,ACC_000003,12/23/2023,Debit,4713.58,ATM,Healthcare
TXN_00042873,ACC_003871,07/13/2025,Debit,27273.95,UPI,Transfer
TXN_00042888,ACC_010011,02/09/2022,Debit,7903.52,UPI,Travel
TXN_00043205,ACC_012685,07/10/2025,Credit,602.9,UPI,Education
TXN_00043295,ACC_005247,04/08/2026,Credit,4081.71,UPI,Dining
TXN_00043321,ACC_005211,07/04/2024,Debit,957.75,NetBanking,Travel
TXN_00043415,ACC_010805,02/05/2025,Credit,4101.24,ATM,Salary
TXN_00043573,ACC_000815,06/22/2022,Debit,703.58,Branch,Healthcare
TXN_00043575,ACC_007333,11/09/2021,Debit,8352.76,NetBanking,Retail
TXN_00043750,ACC_009202,03/13/2023,Credit,35525.02,NetBanking,Retail
TXN_00043882,ACC_008711,05/06/2021,Debit,14073.35,ATM,Retail
TXN_00043891,ACC_008507,08/28/2023,Debit,2390.57,NetBanking,Retail
TXN_00043932,ACC_002619,11/04/2024,Debit,926.63,NetBanking,Dining
TXN_00044111,ACC_000894,10/04/2024,Credit,1738.9,Branch,Other
TXN_00044180,ACC_004626,05/29/2021,Debit,658.48,ATM,Retail
TXN_00044202,ACC_004171,02/21/2022,Credit,2957.47,NetBanking,Healthcare
TXN_00044230,ACC_010158,08/27/2025,Credit,7877.12,UPI,Dining
TXN_00044305,ACC_004297,07/05/2024,Debit,1960.27,UPI,Other
TXN_00044400,ACC_011009,07/28/2024,Credit,6053.18,NetBanking,Dining
TXN_00044421,ACC_013666,06/15/2026,Debit,17049.57,NetBanking,Investment
TXN_00044490,ACC_003434,02/27/2022,Debit,564.23,UPI,Other
TXN_00044503,ACC_010320,11/25/2021,Debit,4546.07,NetBanking,Dining
TXN_00044621,ACC_003517,02/08/2025,Debit,667.21,UPI,Travel
TXN_00044717,ACC_004408,06/26/2026,Credit,2343.14,Branch,Investment
TXN_00044762,ACC_002389,08/22/2021,Credit,2051.39,Branch,Dining
TXN_00045119,ACC_008467,06/16/2021,Credit,11575.16,UPI,Transfer
TXN_00045168,ACC_9999,03/15/2026,Debit,448.7,UPI,Healthcare
TXN_00045236,ACC_004069,11/17/2021,Debit,1566.4,ATM,Travel
TXN_00045350,ACC_001348,07/20/2024,Debit,871.22,NetBanking,Travel
TXN_00045380,ACC_009768,12/12/2024,Credit,31512.51,NetBanking,Other
TXN_00045428,ACC_005770,07/04/2024,Debit,2454.16,NetBanking,Other
TXN_00045608,ACC_004799,10/27/2025,Debit,16949.15,ATM,Dining
TXN_00045618,ACC_013559,12/01/2021,Debit,31651.58,NetBanking,Other
TXN_00045709,ACC_008737,11/11/2024,Debit,680.43,NetBanking,Retail
TXN_00045728,ACC_008971,03/27/2021,Debit,7601.01,UPI,Travel
TXN_00045755,ACC_013277,06/16/2022,Credit,3858.05,Branch,Healthcare
TXN_00045792,ACC_004830,07/06/2025,Debit,2078.55,ATM,Other
TXN_00045796,ACC_012429,07/11/2021,Credit,7184.54,UPI,Education
TXN_00045860,ACC_013092,10/23/2021,Credit,2098.86,UPI,Retail
TXN_00046105,ACC_010617,07/23/2021,Debit,4344.7,ATM,Utilities
TXN_00046151,ACC_001349,03/16/2025,Credit,5852.46,UPI,Investment
TXN_00046159,ACC_004320,09/03/2025,Debit,7399.81,ATM,Dining
TXN_00046211,ACC_006519,03/17/2026,Debit,308.12,NetBanking,Investment
TXN_00046377,ACC_009004,12/24/2021,Credit,1707.61,UPI,Travel
TXN_00046408,ACC_013273,09/03/2021,Debit,4996.44,UPI,Travel
TXN_00046653,ACC_000200,12/12/2023,Credit,23836.06,UPI,Utilities
TXN_00046748,ACC_007405,08/08/2023,Credit,5114.24,ATM,Investment
TXN_00046834,ACC_011428,07/12/2022,Debit,1360.02,UPI,Other
TXN_00046866,ACC_002690,03/09/2026,Debit,4853.89,NetBanking,Retail
TXN_00046911,ACC_001562,03/22/2021,Credit,5231.72,NetBanking,Dining
TXN_00046920,ACC_003240,07/05/2021,Debit,3736.81,Branch,Education
TXN_00047093,ACC_003782,11/06/2024,Credit,1004.39,NetBanking,Other
TXN_00047116,ACC_000339,01/06/2021,Credit,4346.65,NetBanking,Investment
TXN_00047208,ACC_000750,01/19/2025,Credit,7514.57,NetBanking,Transfer
TXN_00047255,ACC_001232,04/01/2021,Credit,16449.82,NetBanking,Transfer
TXN_00047334,ACC_000464,02/18/2022,Debit,1441.38,NetBanking,Healthcare
TXN_00047345,ACC_003563,12/09/2021,Credit,15784.81,UPI,Other
TXN_00047357,ACC_000495,01/26/2022,Debit,5601.15,UPI,Dining
TXN_00047369,ACC_004277,05/21/2026,Debit,976.61,NetBanking,Healthcare
TXN_00047410,ACC_008736,01/21/2025,Credit,645.32,NetBanking,Healthcare
TXN_00047441,ACC_000412,06/29/2025,Credit,3028.1,UPI,Other
TXN_00047468,ACC_007809,07/13/2021,Debit,271.07,UPI,Salary
TXN_00047564,ACC_011653,07/08/2023,Debit,2524.29,UPI,Dining
TXN_00047602,ACC_009748,12/05/2025,Debit,44487.49,ATM,Retail
TXN_00047632,ACC_005463,02/18/2023,Credit,1894.2,NetBanking,Transfer
TXN_00047697,ACC_001983,11/14/2023,Credit,6111.97,NetBanking,Utilities
TXN_00047812,ACC_011305,05/14/2026,Credit,2764.52,NetBanking,Travel
TXN_00047845,ACC_010497,02/05/2025,Credit,8065.23,NetBanking,Utilities
TXN_00048023,ACC_001188,09/10/2024,Debit,7911.56,NetBanking,Healthcare
TXN_00048209,ACC_000236,12/25/2023,Debit,3664.95,ATM,Transfer
TXN_00048242,ACC_006033,03/26/2026,Debit,2068.21,NetBanking,Investment
TXN_00048315,ACC_009073,10/13/2025,Debit,1711.96,UPI,Education
TXN_00048445,ACC_000938,02/09/2022,Debit,1062.27,ATM,Salary
TXN_00048516,ACC_000432,08/27/2025,Credit,20536.27,NetBanking,Healthcare
TXN_00048559,ACC_011495,10/12/2021,Debit,975.37,ATM,Utilities
TXN_00048798,ACC_005441,11/08/2024,Credit,3943.95,ATM,Healthcare
TXN_00048841,ACC_011594,07/17/2021,Credit,1403.07,NetBanking,Retail
TXN_00049005,ACC_013529,11/12/2025,Debit,882.51,NetBanking,Retail
TXN_00049078,ACC_004056,05/13/2022,Debit,468.26,NetBanking,Healthcare
TXN_00049217,ACC_000371,10/15/2024,Credit,3149.45,NetBanking,Education
TXN_00049291,ACC_000128,06/09/2024,Debit,333.58,NetBanking,Education
TXN_00049388,ACC_000626,06/18/2024,Credit,4315.48,NetBanking,Investment
TXN_00049414,ACC_008908,04/22/2025,Credit,336.64,Branch,Investment
TXN_00049481,ACC_000505,03/28/2024,Credit,5752.44,NetBanking,Healthcare
TXN_00049489,ACC_006819,05/02/2023,Debit,1911.13,NetBanking,Investment
TXN_00049585,ACC_012271,04/02/2025,Credit,5324.94,UPI,Dining
TXN_00049598,ACC_001846,09/04/2025,Credit,22041.17,Branch,Utilities
TXN_00049643,ACC_013375,07/12/2022,Debit,24150.56,UPI,Retail
TXN_00049670,ACC_001308,02/14/2026,Debit,3546.78,UPI,Investment
TXN_00049798,ACC_005924,05/26/2021,Credit,1459.35,UPI,Dining
TXN_00050060,ACC_004442,10/06/2023,Credit,16420.4,UPI,Retail
TXN_00050079,ACC_003530,10/02/2025,Debit,1410.53,UPI,Salary
TXN_00050184,ACC_009508,12/01/2023,Debit,480.26,UPI,Education
TXN_00050187,ACC_003029,05/30/2026,Debit,1367.32,NetBanking,Education
TXN_00050218,ACC_007678,03/22/2022,Credit,22216.29,Branch,Education
TXN_00050240,ACC_001660,09/06/2024,Debit,27522.32,UPI,Retail
TXN_00050242,ACC_011027,11/27/2023,Debit,13717.19,UPI,Dining
TXN_00050274,ACC_009141,10/23/2023,Debit,1263.4,NetBanking,Investment
TXN_00050337,ACC_002622,08/22/2024,Credit,12971.53,UPI,Investment
TXN_00050456,ACC_001475,07/11/2021,Debit,16425.96,Branch,Retail
TXN_00050468,ACC_009416,12/14/2021,Debit,2426.72,UPI,Investment
TXN_00050482,ACC_003332,06/14/2026,Credit,2704.44,Branch,Transfer
TXN_00050511,ACC_000052,06/30/2022,Debit,1196.76,UPI,Healthcare
TXN_00050547,ACC_006862,06/02/2026,Debit,5230.03,ATM,Retail
TXN_00050616,ACC_003878,02/11/2021,Debit,8389.45,UPI,Retail
TXN_00050679,ACC_001741,08/18/2022,Debit,16363.4,UPI,Investment
TXN_00050738,ACC_002500,07/30/2025,Debit,6450.43,ATM,Investment
TXN_00050742,ACC_002178,03/23/2023,Credit,9783.32,NetBanking,Education
TXN_00050790,ACC_008195,03/24/2021,Debit,1212.48,UPI,Transfer
TXN_00050887,ACC_013286,07/19/2024,Debit,2724.96,UPI,Travel
TXN_00050889,ACC_000303,10/30/2023,Debit,7541.55,UPI,Travel
TXN_00050918,ACC_002347,05/18/2022,Credit,3231.87,Branch,Other
TXN_00050936,ACC_003621,12/05/2021,Debit,1086.63,UPI,Dining
TXN_00050950,ACC_003123,09/06/2024,Credit,10646.3,NetBanking,Healthcare
TXN_00050960,ACC_007941,09/08/2022,Credit,162.84,ATM,Retail
TXN_00051085,ACC_000395,03/11/2022,Debit,718.57,UPI,Travel
TXN_00051155,ACC_006699,04/07/2024,Credit,6384.41,UPI,Dining
TXN_00051192,ACC_008055,10/26/2021,Credit,8198.85,Branch,Healthcare
TXN_00051217,ACC_005834,02/19/2021,Credit,1866.51,UPI,Utilities
TXN_00051245,ACC_012176,10/14/2024,Debit,25273.74,NetBanking,Education
TXN_00051308,ACC_000145,12/09/2023,Debit,30651.96,UPI,Education
TXN_00051336,ACC_000794,05/05/2022,Credit,44041.98,NetBanking,Other
TXN_00051494,ACC_008273,12/17/2021,Credit,2471.79,NetBanking,Salary
TXN_00051539,ACC_000188,01/23/2022,Credit,2921.04,NetBanking,Healthcare
TXN_00051557,ACC_011806,07/11/2026,Credit,2728.89,UPI,Retail
TXN_00051625,ACC_006144,08/13/2023,Debit,1455.24,UPI,Utilities
TXN_00051652,ACC_002096,06/10/2022,Debit,1045.46,NetBanking,Healthcare
TXN_00051695,ACC_010614,04/01/2023,Debit,4450.04,NetBanking,Healthcare
TXN_00051757,ACC_011306,07/12/2024,Debit,10557.4,UPI,Other
TXN_00051787,ACC_004996,10/12/2021,Credit,4282.19,ATM,Retail
TXN_00051814,ACC_013913,01/03/2025,Debit,6820.32,ATM,Transfer
TXN_00051862,ACC_006917,01/31/2021,Credit,7162.06,NetBanking,Healthcare
TXN_00051887,ACC_013022,08/07/2026,Debit,1209.91,UPI,Other
TXN_00051951,ACC_001807,03/03/2024,Credit,707.92,UPI,Education
TXN_00051967,ACC_007077,11/18/2023,Debit,3717.4,ATM,Transfer
TXN_00052002,ACC_010497,05/15/2022,Debit,848.53,ATM,Transfer
TXN_00052114,ACC_012827,03/26/2022,Debit,3953.07,ATM,Dining
TXN_00052136,ACC_010212,10/07/2025,Debit,2460.96,ATM,Retail
TXN_00052244,ACC_009713,06/24/2021,Credit,15146.68,UPI,Retail
TXN_00052385,ACC_008600,07/20/2024,Debit,163.83,UPI,Retail
TXN_00052440,ACC_013263,05/25/2023,Credit,9664.37,UPI,Salary
TXN_00052494,ACC_000785,06/06/2024,Credit,299429.26,UPI,Salary
TXN_00052658,ACC_001687,07/14/2022,Debit,9954.97,NetBanking,Investment
TXN_00052686,ACC_012622,09/27/2023,Debit,1509.6,UPI,Dining
TXN_00052782,ACC_005085,05/12/2023,Credit,5093.93,UPI,Investment
TXN_00052825,ACC_012314,01/11/2021,Credit,7373.34,Branch,Other
TXN_00052863,ACC_006791,10/07/2024,Debit,840.3,UPI,Travel
TXN_00052894,ACC_012111,10/22/2024,Debit,1258.25,NetBanking,Education
TXN_00052986,ACC_010366,06/12/2023,Debit,1964.27,Branch,Dining
TXN_00053078,ACC_013801,10/29/2023,Credit,1652.56,ATM,Transfer
TXN_00053101,ACC_003217,03/12/2021,Debit,2628.3,NetBanking,Retail
TXN_00053106,ACC_000067,11/14/2025,Debit,39418.45,ATM,Travel
TXN_00053439,ACC_005261,04/05/2026,Credit,7512.24,Branch,Travel
TXN_00053483,ACC_006384,09/30/2021,Credit,29451.39,UPI,Retail
TXN_00053515,ACC_004544,09/14/2023,Credit,806.05,UPI,Healthcare
TXN_00053679,ACC_004751,12/29/2023,Credit,24158.58,Branch,Investment
TXN_00053713,ACC_000617,04/13/2023,Debit,552.85,NetBanking,Transfer
TXN_00053718,ACC_006507,12/25/2022,Credit,2244.6,NetBanking,Other
TXN_00053745,ACC_003228,03/27/2022,Debit,13730.32,ATM,Investment
TXN_00053812,ACC_000491,05/11/2023,Debit,1639.66,UPI,Utilities
TXN_00053880,ACC_013916,10/14/2022,Credit,2586.1,NetBanking,Transfer
TXN_00053970,ACC_002809,03/04/2022,Debit,8960.93,NetBanking,Transfer
TXN_00054175,ACC_003392,11/12/2024,Credit,892.29,UPI,Investment
TXN_00054258,ACC_009448,01/04/2026,Credit,4225.5,UPI,Education
TXN_00054277,ACC_009240,08/02/2025,Credit,2282.4,UPI,Retail
TXN_00054329,ACC_009165,02/04/2023,Debit,3810.04,NetBanking,Healthcare
TXN_00054368,ACC_003816,06/24/2026,Credit,7205.8,ATM,Education
TXN_00054389,ACC_001175,01/18/2024,Debit,10249.47,UPI,Healthcare
TXN_00054439,ACC_008669,12/16/2022,Debit,2400.02,NetBanking,Education
TXN_00054484,ACC_005716,01/13/2024,Debit,410.97,UPI,Other
TXN_00054575,ACC_013312,05/12/2025,Credit,8594.21,UPI,Healthcare
TXN_00054687,ACC_009522,11/28/2023,Debit,3920.74,UPI,Dining
TXN_00054747,ACC_004005,07/08/2024,Credit,13699.33,UPI,Dining
TXN_00054778,ACC_000576,02/25/2022,Debit,138.83,ATM,Healthcare
TXN_00054796,ACC_011510,04/14/2024,Debit,3560.11,UPI,Transfer
TXN_00054912,ACC_000150,08/24/2021,Debit,2415.41,UPI,Dining
TXN_00054984,ACC_013392,08/14/2024,Credit,2369.23,ATM,Other
TXN_00054995,ACC_003736,09/30/2024,Debit,2209.2,UPI,Utilities
TXN_00055021,ACC_009601,07/30/2024,Debit,2345.01,UPI,Retail
TXN_00055191,ACC_000535,01/29/2026,Debit,20818.35,UPI,Investment
TXN_00055331,ACC_000058,07/17/2024,Debit,7757.57,NetBanking,Salary
TXN_00055334,ACC_005267,07/07/2022,Debit,664.7,ATM,Utilities
TXN_00055484,ACC_005960,06/19/2022,Debit,5317.5,ATM,Dining
TXN_00055496,ACC_006359,06/14/2024,Credit,772.67,NetBanking,Healthcare
TXN_00055516,ACC_010852,06/25/2025,Credit,4389.01,ATM,Other
TXN_00055692,ACC_011632,03/17/2023,Debit,1317.88,NetBanking,Dining
TXN_00055736,ACC_008883,06/29/2023,Debit,1120.07,NetBanking,Investment
TXN_00055841,ACC_013091,04/06/2024,Debit,413.93,UPI,Salary
TXN_00055907,ACC_011181,07/30/2026,Credit,2145.14,NetBanking,Healthcare
TXN_00055990,ACC_013777,12/17/2023,Debit,1144.06,UPI,Travel
TXN_00056031,ACC_005908,05/07/2026,Debit,17222.61,Branch,Other
TXN_00056040,ACC_003243,10/11/2025,Debit,2653.3,UPI,Salary
TXN_00056097,ACC_006548,06/05/2025,Debit,11043.45,UPI,Utilities
TXN_00056269,ACC_000362,12/18/2022,Debit,5376.68,ATM,Travel
TXN_00056396,ACC_013822,04/19/2025,Credit,7688.24,ATM,Education
TXN_00056397,ACC_007848,12/25/2021,Credit,6814.63,UPI,Travel
TXN_00056433,ACC_002682,12/12/2023,Credit,4104.62,NetBanking,Travel
TXN_00056530,ACC_013780,11/07/2024,Credit,12016.55,ATM,Education
TXN_00056715,ACC_010174,07/28/2024,Debit,8966.23,NetBanking,Travel
TXN_00056898,ACC_005240,05/31/2021,Credit,3606.54,UPI,Travel
TXN_00056905,ACC_004508,07/16/2021,Debit,2809.05,UPI,Retail
TXN_00056942,ACC_011519,07/30/2025,Debit,1686.94,NetBanking,Other
TXN_00057014,ACC_007784,08/01/2021,Debit,3971.05,UPI,Salary
TXN_00057017,ACC_010271,09/03/2023,Credit,18904.39,NetBanking,Salary
TXN_00057034,ACC_006383,11/11/2022,Credit,874.39,NetBanking,Utilities
TXN_00057060,ACC_009294,04/27/2025,Credit,2092.68,UPI,Investment
TXN_00057068,ACC_001864,07/02/2023,Debit,8902.34,UPI,Investment
TXN_00057129,ACC_004021,11/04/2024,Credit,2178.61,UPI,Investment
TXN_00057224,ACC_005768,04/03/2026,Debit,983.43,UPI,Investment
TXN_00057245,ACC_008632,02/23/2022,Credit,2543.39,UPI,Education
TXN_00057315,ACC_006861,12/16/2023,Debit,1281.24,UPI,Travel
TXN_00057332,ACC_012074,02/27/2023,Debit,5464.59,Branch,Utilities
TXN_00057449,ACC_005179,04/24/2021,Credit,11212.29,Branch,Education
TXN_00057485,ACC_007799,08/07/2021,Debit,11221.85,NetBanking,Retail
TXN_00057566,ACC_005423,11/12/2024,Debit,1828.57,NetBanking,Transfer
TXN_00057578,ACC_9999,05/25/2022,Credit,34070.89,ATM,Other
TXN_00057592,ACC_011281,08/23/2021,Credit,3394.72,UPI,Other
TXN_00057694,ACC_010153,02/26/2022,Credit,5039.8,ATM,Travel
TXN_00057709,ACC_007866,07/03/2022,Credit,7054.62,UPI,Healthcare
TXN_00057832,ACC_009130,09/01/2022,Credit,1164.26,NetBanking,Travel
TXN_00057834,ACC_010672,01/18/2026,Debit,1359.97,UPI,Dining
TXN_00057871,ACC_009042,01/18/2021,Debit,1400.05,UPI,Healthcare
TXN_00057877,ACC_011641,02/15/2026,Debit,1337.57,UPI,Dining
TXN_00057913,ACC_001939,05/28/2024,Credit,9017.16,NetBanking,Transfer
TXN_00057979,ACC_003706,12/31/2024,Debit,8781.53,ATM,Dining
TXN_00058000,ACC_013734,08/11/2023,Credit,2153.72,UPI,Healthcare
TXN_00058044,ACC_005054,08/11/2021,Debit,1317.14,NetBanking,Investment
TXN_00058070,ACC_012166,12/25/2024,Credit,8946.18,ATM,Transfer
TXN_00058372,ACC_010563,12/18/2022,Credit,1313.24,UPI,Transfer
TXN_00058578,ACC_009665,04/04/2024,Credit,597.99,UPI,Salary
TXN_00058646,ACC_006827,11/05/2025,Credit,4822.85,UPI,Other
TXN_00058716,ACC_002865,05/19/2024,Debit,1461.98,NetBanking,Healthcare
TXN_00058806,ACC_013859,01/27/2024,Credit,7871.44,NetBanking,Utilities
TXN_00058810,ACC_006019,07/21/2025,Debit,4573.45,UPI,Dining
TXN_00058836,ACC_001911,05/17/2026,Debit,1326.34,UPI,Travel
TXN_00058839,ACC_008187,11/16/2022,Debit,2833.59,UPI,Investment
TXN_00058957,ACC_000589,08/30/2022,Debit,5439.49,Branch,Retail
TXN_00058964,ACC_000198,05/28/2026,Debit,10715.27,NetBanking,Investment
TXN_00058981,ACC_000866,02/13/2024,Credit,4114.62,ATM,Healthcare
TXN_00059040,ACC_013860,08/13/2022,Debit,3403545.63,NetBanking,Wire Transfer
TXN_00059122,ACC_007477,09/26/2024,Credit,13831.93,NetBanking,Investment
TXN_00059198,ACC_001997,11/17/2021,Credit,11545.42,UPI,Travel
TXN_00059282,ACC_009748,08/24/2025,Debit,2362.41,UPI,Travel
TXN_00059321,ACC_005644,06/15/2026,Credit,2222.22,NetBanking,Transfer
TXN_00059566,ACC_006508,02/07/2024,Credit,23202.17,Branch,Dining
TXN_00059603,ACC_000727,12/05/2025,Debit,7448.38,UPI,Travel
TXN_00059707,ACC_011494,05/31/2025,Credit,41890.25,Branch,Travel
TXN_00059793,ACC_012996,12/15/2022,Credit,10145.31,UPI,Investment
TXN_00059872,ACC_005995,02/21/2022,Debit,3551.58,NetBanking,Utilities
TXN_00059960,ACC_010426,04/03/2026,Debit,12201.56,UPI,Dining
TXN_00060043,ACC_012198,04/30/2026,Debit,3352.77,UPI,Investment
TXN_00060078,ACC_004475,07/09/2025,Credit,3720.09,UPI,Transfer
TXN_00060153,ACC_007345,05/09/2025,Credit,2940.38,UPI,Transfer
TXN_00060284,ACC_004330,07/29/2022,Debit,630.7,UPI,Healthcare
TXN_00060292,ACC_007062,07/29/2024,Credit,3017.54,UPI,Salary
TXN_00060437,ACC_009397,12/14/2025,Credit,2875.17,NetBanking,Healthcare
TXN_00060460,ACC_004708,10/27/2022,Debit,3045.6,NetBanking,Retail
TXN_00060513,ACC_001681,06/13/2023,Credit,2157.7,UPI,Other
TXN_00060774,ACC_000846,04/24/2026,Debit,12286.41,NetBanking,Retail
TXN_00060798,ACC_002713,07/02/2026,Debit,4861.03,ATM,Education
TXN_00060933,ACC_004261,07/12/2023,Debit,4008.98,UPI,Transfer
TXN_00061038,ACC_012450,02/25/2025,Credit,35070.79,NetBanking,Utilities
TXN_00061187,ACC_002970,12/03/2022,Debit,1116.71,UPI,Utilities
TXN_00061201,ACC_009321,07/17/2025,Credit,19086.76,NetBanking,Other
TXN_00061219,ACC_001057,10/06/2025,Debit,1099.44,Branch,Investment
TXN_00061251,ACC_013637,05/18/2025,Debit,4480.92,NetBanking,Education
TXN_00061322,ACC_004269,09/08/2022,Debit,24459.13,UPI,Investment
TXN_00061370,ACC_011760,11/03/2022,Debit,13526.44,UPI,Investment
TXN_00061455,ACC_002215,12/22/2023,Debit,1222.69,UPI,Salary
TXN_00061525,ACC_011157,03/08/2022,Debit,1658.17,UPI,Healthcare
TXN_00061532,ACC_009256,02/09/2022,Debit,3742.28,UPI,Retail
TXN_00061638,ACC_012493,03/29/2021,Debit,5997.03,NetBanking,Other
TXN_00061698,ACC_004110,05/31/2023,Debit,4102.18,UPI,Dining
TXN_00061763,ACC_010895,10/05/2022,Credit,37043.34,NetBanking,Investment
TXN_00061792,ACC_004472,12/10/2021,Debit,1290.84,NetBanking,Retail
TXN_00061794,ACC_009522,08/28/2025,Credit,5244.62,Branch,Retail
TXN_00061843,ACC_007241,02/07/2022,Debit,1901.43,NetBanking,Salary
TXN_00061906,ACC_001525,07/06/2021,Debit,5317.33,NetBanking,Healthcare
TXN_00061940,ACC_002640,05/12/2026,Debit,1284.0,NetBanking,Travel
TXN_00062042,ACC_001935,09/26/2022,Credit,6199.2,UPI,Retail
TXN_00062048,ACC_003340,03/14/2025,Debit,3040.14,UPI,Investment
TXN_00062088,ACC_000736,07/09/2026,Debit,6347.26,UPI,Healthcare
TXN_00062146,ACC_008033,07/24/2023,Debit,4676.86,UPI,Transfer
TXN_00062193,ACC_002580,02/14/2024,Debit,3207.57,NetBanking,Salary
TXN_00062242,ACC_000756,07/04/2021,Debit,453.22,UPI,Investment
TXN_00062243,ACC_000580,03/03/2024,Debit,1466.15,ATM,Education
TXN_00062246,ACC_005199,01/13/2023,Credit,5282.9,UPI,Education
TXN_00062280,ACC_005454,09/23/2023,Debit,1778.58,NetBanking,Transfer
TXN_00062287,ACC_005083,11/23/2025,Debit,3659.54,UPI,Travel
TXN_00062384,ACC_006116,01/05/2024,Debit,4630.26,UPI,Healthcare
TXN_00062407,ACC_013091,06/27/2025,Debit,6824.15,NetBanking,Education
TXN_00062543,ACC_001905,11/20/2023,Credit,1501.46,ATM,Utilities
TXN_00062621,ACC_008899,08/26/2022,Debit,9087.31,UPI,Travel
TXN_00062695,ACC_001349,06/16/2025,Debit,11550.59,UPI,Healthcare
TXN_00062704,ACC_005702,08/23/2021,Credit,1490.77,ATM,Utilities
TXN_00062783,ACC_000636,11/17/2022,Debit,32118.07,UPI,Healthcare
TXN_00062794,ACC_011799,05/13/2025,Credit,2423.12,UPI,Dining
TXN_00062804,ACC_013093,05/12/2025,Debit,16202.27,ATM,Other
TXN_00062813,ACC_011220,03/18/2024,Credit,3079.24,UPI,Transfer
TXN_00062817,ACC_012528,04/15/2023,Credit,3843.36,UPI,Healthcare
TXN_00062887,ACC_004600,02/28/2023,Debit,8252.57,Branch,Education
TXN_00062937,ACC_007845,09/05/2022,Credit,7420.4,UPI,Transfer
TXN_00063089,ACC_007751,11/29/2023,Credit,15093.79,NetBanking,Education
TXN_00063121,ACC_001655,07/23/2026,Credit,19894.35,UPI,Travel
TXN_00063266,ACC_007928,08/28/2025,Credit,9271.61,UPI,Healthcare
TXN_00063309,ACC_006164,06/11/2025,Debit,42012.72,UPI,Travel
TXN_00063375,ACC_002545,05/13/2025,Credit,2968.4,UPI,Utilities
TXN_00063529,ACC_008699,02/22/2026,Debit,1244.9,UPI,Transfer
TXN_00063594,ACC_001163,03/14/2021,Debit,932.31,ATM,Travel
TXN_00063640,ACC_012356,08/11/2024,Debit,657.62,UPI,Retail
TXN_00063718,ACC_009110,07/13/2024,Debit,1089.66,Branch,Education
TXN_00063720,ACC_004843,03/22/2024,Credit,3962.08,ATM,Salary
TXN_00063766,ACC_002822,04/12/2022,Credit,5870.5,UPI,Transfer
TXN_00063898,ACC_006714,08/03/2024,Credit,14370.17,ATM,Salary
TXN_00063908,ACC_013629,07/17/2025,Debit,5378.77,NetBanking,Travel
TXN_00063911,ACC_002065,06/10/2025,Debit,10491.65,ATM,Utilities
TXN_00063938,ACC_004752,06/02/2023,Debit,3444.15,UPI,Other
TXN_00064011,ACC_002833,09/14/2022,Credit,5986.84,UPI,Travel
TXN_00064123,ACC_007206,05/26/2021,Credit,12429.32,Branch,Dining
TXN_00064167,ACC_000623,04/13/2024,Credit,1358.66,ATM,Transfer
TXN_00064202,ACC_005058,08/14/2024,Debit,252.93,ATM,Healthcare
TXN_00064222,ACC_000004,06/29/2025,Debit,979.8,UPI,Travel
TXN_00064494,ACC_001140,01/04/2023,Credit,1443.5,UPI,Dining
TXN_00064536,ACC_001712,12/02/2022,Debit,6387.99,UPI,Retail
TXN_00064569,ACC_004238,12/24/2023,Debit,8926.12,Branch,Other
TXN_00064799,ACC_001261,04/05/2022,Credit,926.0,UPI,Salary
TXN_00064865,ACC_001436,04/01/2026,Credit,18792.28,UPI,Travel
TXN_00065001,ACC_013223,06/05/2024,Debit,1609.47,Branch,Salary
TXN_00065043,ACC_001425,02/10/2023,Debit,346.92,NetBanking,Utilities
TXN_00065046,ACC_003859,12/10/2025,Credit,4087.63,UPI,Transfer
TXN_00065166,ACC_007801,06/14/2021,Debit,11011.27,Branch,Other
TXN_00065219,ACC_012923,07/26/2021,Credit,1812.97,ATM,Transfer
TXN_00065311,ACC_003446,10/10/2023,Credit,11526.74,ATM,Healthcare
TXN_00065345,ACC_008758,07/04/2025,Credit,9425.78,NetBanking,Dining
TXN_00065399,ACC_006484,11/20/2023,Credit,3751.94,UPI,Investment
TXN_00065477,ACC_003137,04/12/2025,Debit,1204.02,UPI,Dining
TXN_00065568,ACC_011720,03/23/2026,Credit,2498.89,UPI,Transfer
TXN_00065597,ACC_007549,07/15/2026,Debit,8292.14,NetBanking,Travel
TXN_00065656,ACC_007517,04/06/2022,Credit,984.45,UPI,Travel
TXN_00065668,ACC_012261,07/29/2022,Credit,1778.18,NetBanking,Salary
TXN_00065669,ACC_011595,01/02/2025,Debit,3143.11,UPI,Dining
TXN_00065748,ACC_004050,07/14/2022,Debit,12140.12,NetBanking,Travel
TXN_00065776,ACC_008336,03/09/2022,Debit,2685.63,Branch,Healthcare
TXN_00066126,ACC_006604,06/16/2022,Credit,4608.55,NetBanking,Healthcare
TXN_00066195,ACC_000578,03/19/2023,Credit,3037.57,UPI,Transfer
TXN_00066282,ACC_007106,03/08/2026,Debit,1050.38,ATM,Transfer
TXN_00066361,ACC_004964,05/21/2022,Debit,4549.59,ATM,Dining
TXN_00066386,ACC_011579,12/13/2022,Debit,19616.08,UPI,Healthcare
